coin,timeframe,bars,data_start,data_end,rr,risk_fixed_inr,sl_pct,strategy,starting_capital,ending_capital,total_net_profit,return_pct,max_drawdown_inr,max_drawdown_pct,max_profit,max_loss,avg_win,avg_loss,largest_win,largest_loss,win_rate,loss_rate,profit_factor,expectancy,num_trades,winning_trades,losing_trades,breakeven_trades,max_win_streak,max_loss_streak,avg_win_streak,avg_loss_streak,recovery_factor,sharpe,sortino,calmar,exposure_pct,avg_duration_hours,max_duration_hours,min_duration_hours,gross_profit,gross_loss
BTC/INR,5m,1951,2026-09-17 05:30:00+05:30,2026-09-24 00:00:00+05:30,1:2,500.0,8%,Double ST 10x3+10x4,10000.0,10532.16,532.16,5.32,186.09,1.74,358.12,-186.09,144.83,-96.0,358.12,-186.09,71.43,28.57,3.77,76.02,7,5,2,0,3,1,2.5,1.0,2.86,15.37,24.86,1292.01,90.15,20.93,23.67,13.08,724.16,192.01
BTC/INR,5m,1951,2026-09-17 05:30:00+05:30,2026-09-24 00:00:00+05:30,1:3,500.0,8%,Double ST 10x3+10x4,10000.0,10532.16,532.16,5.32,186.09,1.74,358.12,-186.09,144.83,-96.0,358.12,-186.09,71.43,28.57,3.77,76.02,7,5,2,0,3,1,2.5,1.0,2.86,15.37,24.86,1292.01,90.15,20.93,23.67,13.08,724.16,192.01
BTC/INR,15m,5738,2026-07-26 05:30:00+05:30,2026-09-24 00:00:00+05:30,1:2,500.0,8%,Double ST 10x3+10x4,10000.0,9531.66,-468.34,-4.68,1313.37,12.31,380.33,-386.28,94.95,-83.59,380.33,-386.28,42.37,57.63,0.84,-7.94,59,25,34,0,4,4,1.67,2.12,-0.36,-2.1,-3.3,-2.09,82.94,20.17,23.5,1.5,2373.78,2842.13
BTC/INR,15m,5738,2026-07-26 05:30:00+05:30,2026-09-24 00:00:00+05:30,1:3,500.0,8%,Double ST 10x3+10x4,10000.0,9531.66,-468.34,-4.68,1313.37,12.31,380.33,-386.28,94.95,-83.59,380.33,-386.28,42.37,57.63,0.84,-7.94,59,25,34,0,4,4,1.67,2.12,-0.36,-2.1,-3.3,-2.09,82.94,20.17,23.5,1.5,2373.78,2842.13
BTC/INR,30m,2870,2026-07-26 05:30:00+05:30,2026-09-24 00:00:00+05:30,1:2,500.0,8%,Double ST 10x3+10x4,10000.0,9626.46,-373.54,-3.74,1367.18,12.9,356.76,-242.4,109.83,-90.61,356.76,-242.4,41.82,58.18,0.87,-6.79,55,23,32,0,5,5,1.92,2.46,-0.27,-1.6,-3.17,-1.63,67.1,17.5,24.0,2.0,2526.11,2899.66
BTC/INR,30m,2870,2026-07-26 05:30:00+05:30,2026-09-24 00:00:00+05:30,1:3,500.0,8%,Double ST 10x3+10x4,10000.0,9626.46,-373.54,-3.74,1367.18,12.9,356.76,-242.4,109.83,-90.61,356.76,-242.4,41.82,58.18,0.87,-6.79,55,23,32,0,5,5,1.92,2.46,-0.27,-1.6,-3.17,-1.63,67.1,17.5,24.0,2.0,2526.11,2899.66
BTC/INR,1h,17331,2024-09-23 23:30:00+05:30,2026-09-23 23:30:00+05:30,1:2,500.0,8%,Double ST 10x3+10x4,10000.0,3688.04,-6311.96,-63.12,8181.01,71.17,502.65,-511.05,74.2,-69.26,502.65,-511.05,41.08,58.92,0.75,-10.33,611,251,360,0,6,12,1.73,2.47,-0.77,-3.44,-5.26,-0.55,53.26,15.27,108.0,2.0,18622.96,24934.95
BTC/INR,1h,17331,2024-09-23 23:30:00+05:30,2026-09-23 23:30:00+05:30,1:3,500.0,8%,Double ST 10x3+10x4,10000.0,3688.04,-6311.96,-63.12,8181.01,71.17,502.65,-511.05,74.2,-69.26,502.65,-511.05,41.08,58.92,0.75,-10.33,611,251,360,0,6,12,1.73,2.47,-0.77,-3.44,-5.26,-0.55,53.26,15.27,108.0,2.0,18622.96,24934.95
ETH/INR,5m,1951,2026-09-17 05:30:00+05:30,2026-09-24 00:00:00+05:30,1:2,500.0,8%,Double ST 10x3+10x4,10000.0,9622.63,-377.37,-3.77,422.82,4.21,277.5,-422.82,115.78,-181.18,277.5,-422.82,42.86,57.14,0.48,-53.91,7,3,4,0,1,2,1.0,1.33,-0.89,-9.03,-10.72,-21.44,94.31,21.89,23.67,13.08,347.35,724.73
ETH/INR,5m,1951,2026-09-17 05:30:00+05:30,2026-09-24 00:00:00+05:30,1:3,500.0,8%,Double ST 10x3+10x4,10000.0,9622.63,-377.37,-3.77,422.82,4.21,277.5,-422.82,115.78,-181.18,277.5,-422.82,42.86,57.14,0.48,-53.91,7,3,4,0,1,2,1.0,1.33,-0.89,-9.03,-10.72,-21.44,94.31,21.89,23.67,13.08,347.35,724.73
ETH/INR,15m,5738,2026-07-26 05:30:00+05:30,2026-09-24 00:00:00+05:30,1:2,500.0,8%,Double ST 10x3+10x4,10000.0,10435.52,435.52,4.36,686.9,6.78,538.09,-347.35,106.06,-79.19,538.09,-347.35,46.67,53.33,1.17,7.26,60,28,32,0,5,5,1.75,2.0,0.63,2.26,3.97,4.45,85.76,20.5,23.5,4.75,2969.61,2534.05
ETH/INR,15m,5738,2026-07-26 05:30:00+05:30,2026-09-24 00:00:00+05:30,1:3,500.0,8%,Double ST 10x3+10x4,10000.0,10435.52,435.52,4.36,686.9,6.78,538.09,-347.35,106.06,-79.19,538.09,-347.35,46.67,53.33,1.17,7.26,60,28,32,0,5,5,1.75,2.0,0.63,2.26,3.97,4.45,85.76,20.5,23.5,4.75,2969.61,2534.05
ETH/INR,30m,2870,2026-07-26 05:30:00+05:30,2026-09-24 00:00:00+05:30,1:2,500.0,8%,Double ST 10x3+10x4,10000.0,9482.47,-517.53,-5.18,1331.46,12.88,546.57,-509.95,107.45,-93.83,546.57,-509.95,42.11,57.89,0.83,-9.08,57,24,33,0,5,4,1.5,1.94,-0.39,-2.02,-3.17,-2.17,69.01,17.37,23.0,4.0,2578.72,3096.24
ETH/INR,30m,2870,2026-07-26 05:30:00+05:30,2026-09-24 00:00:00+05:30,1:3,500.0,8%,Double ST 10x3+10x4,10000.0,9482.47,-517.53,-5.18,1331.46,12.88,546.57,-509.95,107.45,-93.83,546.57,-509.95,42.11,57.89,0.83,-9.08,57,24,33,0,5,4,1.5,1.94,-0.39,-2.02,-3.17,-2.17,69.01,17.37,23.0,4.0,2578.72,3096.24
ETH/INR,1h,17331,2024-09-23 23:30:00+05:30,2026-09-23 23:30:00+05:30,1:2,500.0,8%,Double ST 10x3+10x4,10000.0,2025.72,-7974.28,-79.74,8527.05,81.85,320.3,-511.05,66.95,-76.01,320.3,-511.05,43.5,56.5,0.68,-13.82,577,251,326,0,7,9,1.73,2.25,-0.94,-3.28,-4.89,-0.67,49.17,14.93,24.0,2.0,16805.31,24779.65
ETH/INR,1h,17331,2024-09-23 23:30:00+05:30,2026-09-23 23:30:00+05:30,1:3,500.0,8%,Double ST 10x3+10x4,10000.0,2025.72,-7974.28,-79.74,8527.05,81.85,320.3,-511.05,66.95,-76.01,320.3,-511.05,43.5,56.5,0.68,-13.82,577,251,326,0,7,9,1.73,2.25,-0.94,-3.28,-4.89,-0.67,49.17,14.93,24.0,2.0,16805.31,24779.65
SOL/INR,5m,1951,2026-09-17 05:30:00+05:30,2026-09-24 00:00:00+05:30,1:2,500.0,8%,Double ST 10x3+10x4,10000.0,9788.34,-211.66,-2.12,511.05,5.08,421.71,-511.05,177.15,-230.06,421.71,-511.05,50.0,50.0,0.77,-26.46,8,4,4,0,2,2,1.33,1.33,-0.41,-3.15,-4.44,-14.33,91.64,18.61,23.75,4.25,708.6,920.26
SOL/INR,5m,1951,2026-09-17 05:30:00+05:30,2026-09-24 00:00:00+05:30,1:3,500.0,8%,Double ST 10x3+10x4,10000.0,9788.34,-211.66,-2.12,511.05,5.08,421.71,-511.05,177.15,-230.06,421.71,-511.05,50.0,50.0,0.77,-26.46,8,4,4,0,2,2,1.33,1.33,-0.41,-3.15,-4.44,-14.33,91.64,18.61,23.75,4.25,708.6,920.26
SOL/INR,15m,5738,2026-07-26 05:30:00+05:30,2026-09-24 00:00:00+05:30,1:2,500.0,8%,Double ST 10x3+10x4,10000.0,10227.05,227.05,2.27,1180.55,11.33,712.95,-511.05,147.03,-110.08,712.95,-511.05,44.26,55.74,1.06,3.72,61,27,34,0,4,3,1.5,1.89,0.19,1.12,1.87,1.32,83.2,19.57,23.5,2.25,3969.7,3742.64
SOL/INR,15m,5738,2026-07-26 05:30:00+05:30,2026-09-24 00:00:00+05:30,1:3,500.0,8%,Double ST 10x3+10x4,10000.0,10227.05,227.05,2.27,1180.55,11.33,712.95,-511.05,147.03,-110.08,712.95,-511.05,44.26,55.74,1.06,3.72,61,27,34,0,4,3,1.5,1.89,0.19,1.12,1.87,1.32,83.2,19.57,23.5,2.25,3969.7,3742.64
SOL/INR,30m,2870,2026-07-26 05:30:00+05:30,2026-09-24 00:00:00+05:30,1:2,500.0,8%,Double ST 10x3+10x4,10000.0,9898.42,-101.58,-1.02,2062.91,18.54,692.32,-509.95,166.31,-127.91,692.32,-509.95,42.86,57.14,0.98,-1.81,56,24,32,0,5,3,1.5,1.88,-0.05,0.03,0.06,-0.33,72.39,18.54,23.0,1.0,3991.51,4093.07
SOL/INR,30m,2870,2026-07-26 05:30:00+05:30,2026-09-24 00:00:00+05:30,1:3,500.0,8%,Double ST 10x3+10x4,10000.0,9898.42,-101.58,-1.02,2062.91,18.54,692.32,-509.95,166.31,-127.91,692.32,-509.95,42.86,57.14,0.98,-1.81,56,24,32,0,5,3,1.5,1.88,-0.05,0.03,0.06,-0.33,72.39,18.54,23.0,1.0,3991.51,4093.07
SOL/INR,1h,17331,2024-09-23 23:30:00+05:30,2026-09-23 23:30:00+05:30,1:2,500.0,8%,Double ST 10x3+10x4,10000.0,2938.05,-7061.95,-70.62,8633.64,76.4,988.41,-511.05,114.37,-114.62,988.41,-511.05,45.21,54.79,0.82,-11.09,637,288,349,0,6,8,1.87,2.25,-0.82,-2.16,-3.36,-0.6,55.27,15.2,26.0,2.0,32939.01,40000.87
SOL/INR,1h,17331,2024-09-23 23:30:00+05:30,2026-09-23 23:30:00+05:30,1:3,500.0,8%,Double ST 10x3+10x4,10000.0,2898.17,-7101.83,-71.02,8581.79,76.54,900.36,-511.05,113.25,-113.81,900.36,-511.05,45.21,54.79,0.82,-11.15,637,288,349,0,6,8,1.87,2.25,-0.83,-2.19,-3.39,-0.6,55.3,15.21,26.0,2.0,32616.75,39718.61
