coin,timeframe,period,bars,sl,rr,risk,sl_pct,rr_val,strategy,starting_capital,ending_capital,total_net_profit,return_pct,max_drawdown_inr,max_drawdown_pct,max_profit,max_loss,avg_win,avg_loss,largest_win,largest_loss,win_rate,loss_rate,profit_factor,expectancy,num_trades,winning_trades,losing_trades,breakeven_trades,max_win_streak,max_loss_streak,avg_win_streak,avg_loss_streak,recovery_factor,sharpe,sortino,calmar,exposure_pct,avg_duration_hours,max_duration_hours,min_duration_hours,gross_profit,gross_loss
BTC/INR,5m,2026-09-17 to 2026-09-24 (7D),1954,1%,1:2,1%,1.0,2.0,Double ST 10x3+10x4,10000.0,10727.29,727.29,7.27,279.56,2.59,184.56,-119.43,112.92,-57.79,184.56,-119.43,64.29,35.71,3.52,51.95,14,9,5,0,5,4,3.0,2.5,2.6,18.71,37.8,2727.18,84.02,9.77,23.33,2.83,1016.25,288.95
BTC/INR,5m,2026-09-17 to 2026-09-24 (7D),1954,1%,1:3,1%,1.0,3.0,Double ST 10x3+10x4,10000.0,10696.93,696.93,6.97,252.27,2.34,278.21,-119.48,136.93,-65.4,278.21,-119.48,63.64,36.36,3.66,63.36,11,7,4,0,4,3,2.33,2.0,2.76,18.24,42.13,2531.22,85.92,12.71,23.33,4.42,958.5,261.59
BTC/INR,5m,2026-09-17 to 2026-09-24 (7D),1954,1.5%,1:2,1%,1.5,2.0,Double ST 10x3+10x4,10000.0,10525.71,525.71,5.26,117.23,1.11,193.24,-117.23,81.18,-61.85,193.24,-117.23,80.0,20.0,5.25,52.57,10,8,2,0,4,1,2.67,1.0,4.48,21.94,27.15,1942.09,88.89,14.47,23.67,4.42,649.4,123.7
BTC/INR,5m,2026-09-17 to 2026-09-24 (7D),1954,1.5%,1:3,1%,1.5,3.0,Double ST 10x3+10x4,10000.0,10719.74,719.74,7.2,119.39,1.11,298.5,-119.39,105.71,-62.96,298.5,-119.39,80.0,20.0,6.72,71.97,10,8,2,0,4,1,2.67,1.0,6.03,21.53,36.98,6083.31,89.09,14.5,23.67,4.42,845.66,125.92
BTC/INR,5m,2026-09-17 to 2026-09-24 (7D),1954,2%,1:2,1%,2.0,2.0,Double ST 10x3+10x4,10000.0,10402.85,402.85,4.03,113.76,1.08,195.89,-113.76,65.18,-59.3,195.89,-113.76,80.0,20.0,4.4,40.29,10,8,2,0,4,1,2.67,1.0,3.54,17.09,21.21,928.23,88.43,14.39,23.67,3.0,521.47,118.61
BTC/INR,5m,2026-09-17 to 2026-09-24 (7D),1954,2%,1:3,1%,2.0,3.0,Double ST 10x3+10x4,10000.0,10448.75,448.75,4.49,142.88,1.35,299.45,-114.26,100.76,-51.94,299.45,-114.26,66.67,33.33,3.88,49.86,9,6,3,0,3,1,1.5,1.0,3.14,14.24,36.27,995.66,88.99,16.09,23.67,3.0,604.58,155.83
BTC/INR,15m,2026-07-25 to 2026-09-24 (60D),5739,1%,1:2,1%,1.0,2.0,Double ST 10x3+10x4,10000.0,7917.83,-2082.17,-20.82,2372.67,23.43,173.44,-112.48,101.45,-72.22,173.44,-112.48,30.97,69.03,0.63,-18.43,113,35,78,0,4,10,1.4,3.0,-0.88,-7.63,-19.33,-3.26,70.73,8.98,24.0,0.25,3550.75,5632.89
BTC/INR,15m,2026-07-25 to 2026-09-24 (60D),5739,1%,1:3,1%,1.0,3.0,Double ST 10x3+10x4,10000.0,8175.86,-1824.14,-18.24,2343.87,22.76,268.1,-114.39,115.19,-73.91,268.1,-114.39,29.81,70.19,0.66,-17.54,104,31,73,0,3,10,1.35,3.17,-0.78,-6.43,-18.11,-3.13,72.59,10.01,24.0,0.5,3570.99,5395.16
BTC/INR,15m,2026-07-25 to 2026-09-24 (60D),5739,1.5%,1:2,1%,1.5,2.0,Double ST 10x3+10x4,10000.0,8943.75,-1056.25,-10.56,1415.87,13.86,189.11,-113.5,76.29,-66.37,189.11,-113.5,38.2,61.8,0.71,-11.87,89,34,55,0,4,7,1.55,2.39,-0.75,-5.11,-11.1,-3.6,77.16,12.44,23.5,0.5,2593.82,3650.08
BTC/INR,15m,2026-07-25 to 2026-09-24 (60D),5739,1.5%,1:3,1%,1.5,3.0,Double ST 10x3+10x4,10000.0,9510.95,-489.05,-4.89,1080.31,10.46,287.04,-114.7,84.76,-66.09,287.04,-114.7,40.0,60.0,0.85,-5.75,85,34,51,0,4,7,1.62,2.32,-0.45,-1.99,-4.92,-2.55,78.29,13.21,23.5,0.5,2881.72,3370.78
BTC/INR,15m,2026-07-25 to 2026-09-24 (60D),5739,2%,1:2,1%,2.0,2.0,Double ST 10x3+10x4,10000.0,9623.17,-376.83,-3.77,906.47,8.84,191.24,-110.68,60.25,-54.88,191.24,-110.68,43.24,56.76,0.84,-5.09,74,32,42,0,3,5,1.6,2.0,-0.42,-2.38,-4.6,-2.39,80.69,15.65,24.0,0.5,1928.08,2304.91
BTC/INR,15m,2026-07-25 to 2026-09-24 (60D),5739,2%,1:3,1%,2.0,3.0,Double ST 10x3+10x4,10000.0,9719.12,-280.88,-2.81,963.43,9.26,294.45,-112.66,74.73,-55.64,294.45,-112.66,39.73,60.27,0.89,-3.85,73,29,44,0,3,5,1.53,2.2,-0.29,-1.46,-3.26,-1.74,80.71,15.86,24.0,0.5,2167.19,2448.09
BTC/INR,30m,2026-07-25 to 2026-09-24 (60D),2870,1%,1:2,1%,1.0,2.0,Double ST 10x3+10x4,10000.0,8674.38,-1325.62,-13.26,1685.67,16.75,172.31,-111.75,107.86,-76.24,172.31,-111.75,32.94,67.06,0.69,-15.59,85,28,57,0,4,8,1.47,2.85,-0.79,-5.79,-15.81,-3.49,52.42,8.85,24.0,1.0,3020.14,4345.71
BTC/INR,30m,2026-07-25 to 2026-09-24 (60D),2870,1%,1:3,1%,1.0,3.0,Double ST 10x3+10x4,10000.0,9448.12,-551.88,-5.52,1179.4,11.61,267.32,-113.24,143.33,-80.73,267.32,-113.24,32.91,67.09,0.87,-6.99,79,26,53,0,4,8,1.44,2.79,-0.47,-1.87,-6.25,-2.55,54.86,9.96,24.0,1.0,3726.6,4278.48
BTC/INR,30m,2026-07-25 to 2026-09-24 (60D),2870,1.5%,1:2,1%,1.5,2.0,Double ST 10x3+10x4,10000.0,10154.39,154.39,1.54,759.04,7.14,196.62,-117.87,96.71,-63.1,196.62,-117.87,40.85,59.15,1.06,2.18,71,29,42,0,4,5,1.71,2.33,0.2,1.04,2.44,1.39,61.28,12.38,24.0,1.0,2804.49,2650.05
BTC/INR,30m,2026-07-25 to 2026-09-24 (60D),2870,1.5%,1:3,1%,1.5,3.0,Double ST 10x3+10x4,10000.0,10241.86,241.86,2.42,722.98,6.8,295.6,-117.8,101.19,-63.21,295.6,-117.8,40.58,59.42,1.09,3.51,69,28,41,0,4,5,1.75,2.41,0.33,1.44,3.73,2.34,62.22,12.93,24.0,1.0,2833.28,2591.41
BTC/INR,30m,2026-07-25 to 2026-09-24 (60D),2870,2%,1:2,1%,2.0,2.0,Double ST 10x3+10x4,10000.0,9811.63,-188.37,-1.88,740.25,7.16,193.04,-111.86,67.53,-54.72,193.04,-111.86,42.42,57.58,0.91,-2.85,66,28,38,0,4,5,1.75,2.24,-0.25,-1.19,-2.34,-1.55,63.58,13.82,24.0,1.0,1890.85,2079.23
BTC/INR,30m,2026-07-25 to 2026-09-24 (60D),2870,2%,1:3,1%,2.0,3.0,Double ST 10x3+10x4,10000.0,10168.77,168.77,1.69,765.07,7.24,297.74,-114.37,84.89,-57.39,297.74,-114.37,42.19,57.81,1.08,2.64,64,27,37,0,5,5,1.8,2.31,0.22,1.19,2.92,1.51,63.23,14.17,24.0,1.0,2292.05,2123.29
BTC/INR,1h,2024-09-24 to 2026-09-24 (2Y),17331,1%,1:2,1%,1.0,2.0,Double ST 10x3+10x4,10000.0,1600.84,-8399.16,-83.99,8497.89,84.22,171.91,-112.07,53.27,-41.45,171.91,-112.07,32.88,67.12,0.63,-10.31,815,268,547,0,7,14,1.5,3.04,-0.99,-7.78,-24.39,-0.71,37.24,8.01,26.0,2.0,14275.88,22674.95
BTC/INR,1h,2024-09-24 to 2026-09-24 (2Y),17331,1%,1:3,1%,1.0,3.0,Double ST 10x3+10x4,10000.0,1828.7,-8171.3,-81.71,8358.64,82.21,266.08,-112.81,63.7,-44.47,266.08,-112.81,31.51,68.49,0.66,-10.38,787,248,539,0,7,14,1.46,3.15,-0.98,-6.73,-23.44,-0.7,39.54,8.8,26.0,2.0,15796.36,23967.71
BTC/INR,1h,2024-09-24 to 2026-09-24 (2Y),17331,1.5%,1:2,1%,1.5,2.0,Double ST 10x3+10x4,10000.0,3324.92,-6675.08,-66.75,6822.62,67.83,184.5,-111.96,58.45,-47.41,184.5,-111.96,35.88,64.12,0.69,-9.43,708,254,454,0,7,12,1.56,2.77,-0.98,-6.09,-14.27,-0.62,44.04,10.9,26.0,2.0,14846.9,21521.97
BTC/INR,1h,2024-09-24 to 2026-09-24 (2Y),17331,1.5%,1:3,1%,1.5,3.0,Double ST 10x3+10x4,10000.0,3893.34,-6106.66,-61.07,6522.5,63.52,283.16,-114.29,66.72,-49.89,283.16,-114.29,35.25,64.75,0.73,-8.79,695,245,450,0,5,12,1.56,2.85,-0.94,-4.76,-12.32,-0.59,44.97,11.34,26.0,2.0,16345.46,22452.1
BTC/INR,1h,2024-09-24 to 2026-09-24 (2Y),17331,2%,1:2,1%,2.0,2.0,Double ST 10x3+10x4,10000.0,4778.25,-5221.75,-52.22,5812.69,55.42,195.32,-113.8,50.9,-44.36,195.32,-113.8,38.28,61.72,0.71,-7.9,661,253,408,0,7,12,1.69,2.7,-0.9,-5.06,-10.24,-0.56,47.45,12.58,26.0,2.0,12878.4,18100.08
BTC/INR,1h,2024-09-24 to 2026-09-24 (2Y),17331,2%,1:3,1%,2.0,3.0,Double ST 10x3+10x4,10000.0,4914.28,-5085.72,-50.86,6001.56,55.97,300.86,-116.36,51.93,-44.58,300.86,-116.36,38.1,61.9,0.72,-7.81,651,248,403,0,6,12,1.7,2.74,-0.85,-4.74,-9.97,-0.53,48.2,12.97,26.0,2.0,12879.35,17965.02
ETH/INR,5m,2026-09-17 to 2026-09-24 (7D),1954,1%,1:2,1%,1.0,2.0,Double ST 10x3+10x4,10000.0,10296.97,296.97,2.97,599.26,5.6,182.7,-118.53,122.19,-115.62,182.7,-118.53,55.56,44.44,1.32,16.5,18,10,8,0,4,4,2.0,2.0,0.5,5.26,5760.51,87.99,84.08,7.6,23.42,0.5,1221.91,924.94
ETH/INR,5m,2026-09-17 to 2026-09-24 (7D),1954,1%,1:3,1%,1.0,3.0,Double ST 10x3+10x4,10000.0,10606.55,606.55,6.07,469.91,4.36,278.95,-119.39,153.18,-103.15,278.95,-119.39,57.14,42.86,1.98,43.32,14,8,6,0,3,4,2.0,2.0,1.29,11.17,54.81,801.16,87.1,10.12,23.42,2.67,1225.45,618.91
ETH/INR,5m,2026-09-17 to 2026-09-24 (7D),1954,1.5%,1:2,1%,1.5,2.0,Double ST 10x3+10x4,10000.0,10476.73,476.73,4.77,152.21,1.45,192.96,-116.26,109.5,-72.44,192.96,-116.26,63.64,36.36,2.65,43.34,11,7,4,0,3,2,1.75,1.33,3.13,15.78,35.38,1103.75,92.37,13.67,23.67,4.42,766.47,289.74
ETH/INR,5m,2026-09-17 to 2026-09-24 (7D),1954,1.5%,1:3,1%,1.5,3.0,Double ST 10x3+10x4,10000.0,10463.0,463.0,4.63,169.56,1.61,294.55,-116.11,156.73,-53.44,294.55,-116.11,45.45,54.55,2.44,42.09,11,5,6,0,1,3,1.0,1.5,2.73,11.81,35.24,910.38,92.93,13.75,23.67,1.92,783.64,320.65
ETH/INR,5m,2026-09-17 to 2026-09-24 (7D),1954,2%,1:2,1%,2.0,2.0,Double ST 10x3+10x4,10000.0,10276.87,276.87,2.77,138.48,1.34,193.45,-111.88,92.23,-55.3,193.45,-111.88,54.55,45.45,2.0,25.17,11,6,5,0,2,2,1.2,1.25,2.0,9.91,19.79,319.14,92.17,13.64,23.67,1.92,553.38,276.5
ETH/INR,5m,2026-09-17 to 2026-09-24 (7D),1954,2%,1:3,1%,2.0,3.0,Double ST 10x3+10x4,10000.0,10283.24,283.24,2.83,138.57,1.34,225.09,-111.95,109.96,-66.64,225.09,-111.95,55.56,44.44,2.06,31.47,9,5,4,0,2,2,1.25,1.33,2.04,10.3,24.76,334.25,93.14,16.84,23.67,4.33,549.78,266.54
ETH/INR,15m,2026-07-25 to 2026-09-24 (60D),5739,1%,1:2,1%,1.0,2.0,Double ST 10x3+10x4,10000.0,7500.89,-2499.11,-24.99,3012.99,28.91,178.49,-115.76,106.42,-79.22,178.49,-115.76,32.85,67.15,0.66,-18.24,137,45,92,0,5,8,1.45,2.97,-0.83,-7.03,-22.34,-2.88,64.28,6.73,24.0,0.5,4788.83,7287.92
ETH/INR,15m,2026-07-25 to 2026-09-24 (60D),5739,1%,1:3,1%,1.0,3.0,Double ST 10x3+10x4,10000.0,7227.69,-2772.31,-27.72,3214.8,31.3,269.4,-114.08,113.3,-76.93,269.4,-114.08,29.23,70.77,0.61,-21.32,130,38,92,0,4,8,1.27,3.07,-0.86,-7.53,-26.51,-2.77,66.58,7.35,23.5,0.5,4305.52,7077.76
ETH/INR,15m,2026-07-25 to 2026-09-24 (60D),5739,1.5%,1:2,1%,1.5,2.0,Double ST 10x3+10x4,10000.0,8234.39,-1765.61,-17.66,1998.65,19.68,188.41,-113.05,81.58,-73.84,188.41,-113.05,36.79,63.21,0.64,-16.66,106,39,67,0,3,8,1.5,2.68,-0.88,-6.84,-17.19,-3.55,74.44,10.08,24.0,0.5,3181.49,4947.1
ETH/INR,15m,2026-07-25 to 2026-09-24 (60D),5739,1.5%,1:3,1%,1.5,3.0,Double ST 10x3+10x4,10000.0,8719.09,-1280.91,-12.81,1438.6,14.28,277.03,-111.94,92.94,-74.63,277.03,-111.94,36.73,63.27,0.72,-13.07,98,36,62,0,3,6,1.57,2.82,-0.89,-4.56,-12.54,-4.0,76.77,11.24,24.0,0.5,3345.98,4626.91
ETH/INR,15m,2026-07-25 to 2026-09-24 (60D),5739,2%,1:2,1%,2.0,2.0,Double ST 10x3+10x4,10000.0,9884.96,-115.04,-1.15,732.37,7.17,192.47,-111.05,80.19,-56.35,192.47,-111.05,40.24,59.76,0.96,-1.4,82,33,49,0,3,5,1.74,2.58,-0.16,-0.44,-0.99,-0.96,80.07,14.01,23.5,0.5,2646.18,2761.2
ETH/INR,15m,2026-07-25 to 2026-09-24 (60D),5739,2%,1:3,1%,2.0,3.0,Double ST 10x3+10x4,10000.0,10332.53,332.53,3.33,679.31,6.72,290.92,-114.3,83.41,-53.65,290.92,-114.3,42.47,57.53,1.15,4.56,73,31,42,0,3,5,1.72,2.33,0.49,2.02,4.71,3.34,83.13,16.34,23.5,0.5,2585.64,2253.12
ETH/INR,30m,2026-07-25 to 2026-09-24 (60D),2870,1%,1:2,1%,1.0,2.0,Double ST 10x3+10x4,10000.0,7887.87,-2112.13,-21.12,2190.88,21.77,172.31,-111.75,97.81,-81.91,172.31,-111.75,33.33,66.67,0.6,-22.0,96,32,64,0,4,8,1.39,2.67,-0.96,-8.44,-28.32,-3.53,45.77,6.84,22.0,1.0,3129.96,5242.08
ETH/INR,30m,2026-07-25 to 2026-09-24 (60D),2870,1%,1:3,1%,1.0,3.0,Double ST 10x3+10x4,10000.0,7670.54,-2329.46,-23.29,2580.46,25.41,266.36,-112.79,99.5,-79.62,266.36,-112.79,30.0,70.0,0.54,-25.88,90,27,63,0,4,9,1.42,3.15,-0.9,-9.37,-32.58,-3.17,49.88,7.95,23.0,1.0,2686.6,5016.07
ETH/INR,30m,2026-07-25 to 2026-09-24 (60D),2870,1.5%,1:2,1%,1.5,2.0,Double ST 10x3+10x4,10000.0,8955.62,-1044.38,-10.44,1308.8,12.99,186.92,-112.16,85.37,-70.69,186.92,-112.16,37.04,62.96,0.71,-12.89,81,30,51,0,4,7,1.5,2.43,-0.8,-5.12,-12.25,-3.81,57.44,10.17,24.0,1.0,2561.0,3605.4
ETH/INR,30m,2026-07-25 to 2026-09-24 (60D),2870,1.5%,1:3,1%,1.5,3.0,Double ST 10x3+10x4,10000.0,9022.55,-977.45,-9.77,1227.56,12.28,273.42,-111.09,91.57,-69.0,273.42,-111.09,35.06,64.94,0.72,-12.69,77,27,50,0,4,5,1.5,2.63,-0.8,-4.6,-11.65,-3.83,59.18,11.03,24.0,1.0,2472.46,3449.95
ETH/INR,30m,2026-07-25 to 2026-09-24 (60D),2870,2%,1:2,1%,2.0,2.0,Double ST 10x3+10x4,10000.0,9458.66,-541.34,-5.41,721.35,7.11,191.06,-109.27,75.74,-56.22,191.06,-109.27,36.99,63.01,0.79,-7.42,73,27,46,0,4,5,1.42,2.3,-0.75,-3.26,-6.64,-4.1,59.88,11.77,23.0,1.0,2044.88,2586.21
ETH/INR,30m,2026-07-25 to 2026-09-24 (60D),2870,2%,1:3,1%,2.0,3.0,Double ST 10x3+10x4,10000.0,9663.94,-336.06,-3.36,651.31,6.49,277.27,-108.71,86.09,-56.55,277.27,-108.71,36.23,63.77,0.86,-4.87,69,25,44,0,3,4,1.32,2.2,-0.52,-1.82,-4.03,-2.94,61.48,12.78,24.0,1.0,2152.25,2488.27
ETH/INR,1h,2024-09-24 to 2026-09-24 (2Y),17331,1%,1:2,1%,1.0,2.0,Double ST 10x3+10x4,10000.0,1424.17,-8575.83,-85.76,9038.68,86.81,178.32,-115.64,51.37,-40.62,178.32,-115.64,34.02,65.98,0.65,-9.32,920,313,607,0,6,27,1.53,2.96,-0.95,-6.57,-31.7,-0.72,27.03,5.15,24.0,2.0,16080.11,24655.96
ETH/INR,1h,2024-09-24 to 2026-09-24 (2Y),17331,1%,1:3,1%,1.0,3.0,Double ST 10x3+10x4,10000.0,2447.49,-7552.51,-75.53,8056.0,77.36,268.73,-115.65,79.92,-50.07,268.73,-115.65,31.84,68.16,0.75,-8.68,870,277,593,0,7,27,1.49,3.19,-0.94,-4.14,-23.95,-0.65,29.78,6.0,24.0,2.0,22138.42,29690.87
ETH/INR,1h,2024-09-24 to 2026-09-24 (2Y),17331,1.5%,1:2,1%,1.5,2.0,Double ST 10x3+10x4,10000.0,3783.7,-6216.3,-62.16,6855.75,65.1,193.54,-117.23,69.96,-55.86,193.54,-117.23,38.05,61.95,0.77,-7.99,778,296,482,0,7,11,1.59,2.59,-0.91,-3.97,-13.36,-0.59,34.34,7.73,24.0,2.0,20708.31,26924.39
ETH/INR,1h,2024-09-24 to 2026-09-24 (2Y),17331,1.5%,1:3,1%,1.5,3.0,Double ST 10x3+10x4,10000.0,5212.99,-4787.01,-47.87,5505.89,52.5,282.5,-116.51,91.34,-63.32,282.5,-116.51,36.76,63.24,0.84,-6.47,740,272,468,0,6,11,1.55,2.67,-0.87,-2.34,-9.02,-0.53,36.66,8.68,24.0,2.0,24845.28,29632.31
ETH/INR,1h,2024-09-24 to 2026-09-24 (2Y),17331,2%,1:2,1%,2.0,2.0,Double ST 10x3+10x4,10000.0,4781.41,-5218.59,-52.19,5642.6,54.79,185.86,-111.74,63.84,-53.93,185.86,-111.74,39.52,60.48,0.77,-7.39,706,279,427,0,6,11,1.64,2.51,-0.92,-3.67,-10.14,-0.56,38.94,9.66,24.0,2.0,17810.32,23028.85
ETH/INR,1h,2024-09-24 to 2026-09-24 (2Y),17331,2%,1:3,1%,2.0,3.0,Double ST 10x3+10x4,10000.0,5194.36,-4805.64,-48.06,5292.29,51.39,281.45,-111.74,69.82,-55.16,281.45,-111.74,38.51,61.49,0.79,-7.04,683,263,420,0,6,11,1.6,2.56,-0.91,-3.08,-9.18,-0.54,40.7,10.44,24.0,2.0,18363.07,23168.64
SOL/INR,5m,2026-09-17 to 2026-09-24 (7D),1954,1%,1:2,1%,1.0,2.0,Double ST 10x3+10x4,10000.0,10181.61,181.61,1.82,498.98,4.78,178.49,-115.8,134.81,-102.57,178.49,-115.8,46.15,53.85,1.13,6.99,26,12,14,0,2,5,1.71,2.33,0.36,2.35,10.64,41.64,83.87,5.25,16.42,0.58,1617.68,1436.04
SOL/INR,5m,2026-09-17 to 2026-09-24 (7D),1954,1%,1:3,1%,1.0,3.0,Double ST 10x3+10x4,10000.0,11289.28,1289.28,12.89,371.85,3.29,294.32,-125.25,208.38,-100.28,294.32,-125.25,52.38,47.62,2.29,61.39,21,11,10,0,3,3,1.83,2.0,3.47,13.84,56.97,48558.04,85.77,6.65,16.42,0.58,2292.13,1002.84
SOL/INR,5m,2026-09-17 to 2026-09-24 (7D),1954,1.5%,1:2,1%,1.5,2.0,Double ST 10x3+10x4,10000.0,10329.53,329.53,3.3,398.41,3.73,197.76,-118.93,129.95,-93.33,197.76,-118.93,50.0,50.0,1.39,18.31,18,9,9,0,3,3,1.5,1.8,0.83,5.8,16.48,165.93,83.87,7.58,18.33,0.75,1169.52,840.0
SOL/INR,5m,2026-09-17 to 2026-09-24 (7D),1954,1.5%,1:3,1%,1.5,3.0,Double ST 10x3+10x4,10000.0,10454.75,454.75,4.55,355.05,3.3,299.83,-119.6,129.75,-116.65,299.83,-119.6,61.54,38.46,1.78,34.98,13,8,5,0,4,3,2.0,1.67,1.28,9.14,11357.58,423.28,87.4,10.94,23.75,3.0,1038.02,583.27
SOL/INR,5m,2026-09-17 to 2026-09-24 (7D),1954,2%,1:2,1%,2.0,2.0,Double ST 10x3+10x4,10000.0,10312.38,312.38,3.12,185.74,1.77,195.54,-113.33,92.9,-107.71,195.54,-113.33,66.67,33.33,1.73,26.03,12,8,4,0,3,1,1.6,1.0,1.68,8.96,134.72,309.69,88.27,11.97,23.75,3.0,743.21,430.84
SOL/INR,5m,2026-09-17 to 2026-09-24 (7D),1954,2%,1:3,1%,2.0,3.0,Double ST 10x3+10x4,10000.0,10523.28,523.28,5.23,189.53,1.77,300.52,-115.65,119.96,-109.1,300.52,-115.65,66.67,33.33,2.2,43.61,12,8,4,0,3,1,1.6,1.0,2.76,11.82,223.31,1197.98,88.53,12.01,23.75,3.0,959.68,436.4
SOL/INR,15m,2026-07-25 to 2026-09-24 (60D),5739,1%,1:2,1%,1.0,2.0,Double ST 10x3+10x4,10000.0,7500.46,-2499.54,-25.0,3304.91,32.95,171.26,-111.19,95.74,-79.56,171.26,-111.19,36.31,63.69,0.69,-15.92,157,57,100,0,5,9,1.46,2.63,-0.76,-5.79,-24.78,-2.52,60.13,5.5,23.75,0.5,5456.98,7956.48
SOL/INR,15m,2026-07-25 to 2026-09-24 (60D),5739,1%,1:3,1%,1.0,3.0,Double ST 10x3+10x4,10000.0,8260.86,-1739.14,-17.39,2913.49,28.86,264.74,-112.11,122.59,-81.97,264.74,-112.11,34.04,65.96,0.77,-12.33,141,48,93,0,4,9,1.55,3.1,-0.6,-3.54,-16.76,-2.4,63.02,6.41,23.75,0.5,5884.39,7623.49
SOL/INR,15m,2026-07-25 to 2026-09-24 (60D),5739,1.5%,1:2,1%,1.5,2.0,Double ST 10x3+10x4,10000.0,9678.66,-321.34,-3.21,1400.05,13.93,186.44,-111.87,100.35,-81.85,186.44,-111.87,43.36,56.64,0.94,-2.84,113,49,64,0,4,7,1.58,2.13,-0.23,-0.77,-2.26,-1.31,71.84,9.12,23.75,0.5,4917.09,5238.43
SOL/INR,15m,2026-07-25 to 2026-09-24 (60D),5739,1.5%,1:3,1%,1.5,3.0,Double ST 10x3+10x4,10000.0,10367.5,367.5,3.68,1046.46,10.44,293.39,-117.02,119.4,-84.24,293.39,-117.02,43.14,56.86,1.08,3.6,102,44,58,0,4,6,1.63,2.23,0.35,1.32,4.26,2.4,74.47,10.48,23.5,0.5,5253.56,4886.01
SOL/INR,15m,2026-07-25 to 2026-09-24 (60D),5739,2%,1:2,1%,2.0,2.0,Double ST 10x3+10x4,10000.0,10378.16,378.16,3.78,569.16,5.58,202.55,-117.39,95.0,-72.24,202.55,-117.39,45.65,54.35,1.1,4.11,92,42,50,0,4,5,1.56,1.92,0.66,1.74,4.06,4.63,76.42,11.92,23.25,0.5,3990.06,3611.89
SOL/INR,15m,2026-07-25 to 2026-09-24 (60D),5739,2%,1:3,1%,2.0,3.0,Double ST 10x3+10x4,10000.0,10508.53,508.53,5.09,581.08,5.58,310.58,-118.87,107.08,-73.35,310.58,-118.87,43.82,56.18,1.14,5.71,89,39,50,0,3,5,1.44,1.92,0.88,2.11,5.6,6.44,77.19,12.44,23.5,0.5,4176.04,3667.5
SOL/INR,30m,2026-07-25 to 2026-09-24 (60D),2870,1%,1:2,1%,1.0,2.0,Double ST 10x3+10x4,10000.0,8600.43,-1399.57,-14.0,1711.21,16.91,173.3,-111.75,129.38,-95.38,173.3,-111.75,37.07,62.93,0.8,-12.07,116,43,73,0,5,8,1.79,2.92,-0.82,-3.82,-19.37,-3.59,42.94,5.31,22.5,1.0,5563.33,6962.88
SOL/INR,30m,2026-07-25 to 2026-09-24 (60D),2870,1%,1:3,1%,1.0,3.0,Double ST 10x3+10x4,10000.0,8985.46,-1014.54,-10.15,1921.38,18.16,276.92,-117.53,167.06,-95.64,276.92,-117.53,32.69,67.31,0.85,-9.76,104,34,70,0,4,8,1.7,3.33,-0.53,-2.46,-12.71,-2.67,47.09,6.5,22.5,1.0,5680.04,6694.59
SOL/INR,30m,2026-07-25 to 2026-09-24 (60D),2870,1.5%,1:2,1%,1.5,2.0,Double ST 10x3+10x4,10000.0,9505.15,-494.85,-4.95,1202.04,11.59,191.92,-114.67,116.77,-88.65,191.92,-114.67,40.45,59.55,0.89,-5.56,89,36,53,0,4,7,1.8,2.52,-0.41,-1.66,-5.61,-2.32,53.05,8.55,23.0,1.0,4203.76,4698.64
SOL/INR,30m,2026-07-25 to 2026-09-24 (60D),2870,1.5%,1:3,1%,1.5,3.0,Double ST 10x3+10x4,10000.0,10432.2,432.2,4.32,973.11,9.0,303.14,-120.1,148.71,-94.36,303.14,-120.1,40.96,59.04,1.09,5.21,83,34,49,0,4,7,1.89,2.58,0.44,1.68,7.09,3.32,55.25,9.55,24.0,1.0,5056.05,4623.82
SOL/INR,30m,2026-07-25 to 2026-09-24 (60D),2870,2%,1:2,1%,2.0,2.0,Double ST 10x3+10x4,10000.0,9891.52,-108.48,-1.08,939.12,8.99,196.09,-113.08,109.4,-76.8,196.09,-113.08,40.51,59.49,0.97,-1.37,79,32,47,0,7,7,1.88,2.61,-0.12,-0.29,-0.83,-0.73,61.21,11.11,23.0,1.0,3500.88,3609.38
SOL/INR,30m,2026-07-25 to 2026-09-24 (60D),2870,2%,1:3,1%,2.0,3.0,Double ST 10x3+10x4,10000.0,10168.2,168.2,1.68,993.69,9.21,305.33,-116.82,136.9,-79.67,305.33,-116.82,37.84,62.16,1.05,2.27,74,28,46,0,7,7,1.65,2.56,0.17,0.93,3.15,1.18,61.38,11.9,23.5,1.0,3833.12,3664.94
SOL/INR,1h,2024-09-24 to 2026-09-24 (2Y),17331,1%,1:2,1%,1.0,2.0,Double ST 10x3+10x4,10000.0,1142.58,-8857.42,-88.57,8857.42,88.57,170.0,-110.85,60.58,-43.11,170.0,-110.85,33.58,66.42,0.71,-8.29,1069,359,710,0,6,15,1.45,2.86,-1.0,-6.1,-35.51,-0.75,28.42,4.66,23.0,2.0,21749.23,30606.57
SOL/INR,1h,2024-09-24 to 2026-09-24 (2Y),17331,1%,1:3,1%,1.0,3.0,Double ST 10x3+10x4,10000.0,1747.34,-8252.66,-82.53,8284.06,82.84,249.18,-110.85,92.37,-51.16,249.18,-110.85,29.91,70.09,0.77,-8.23,1003,300,703,0,5,15,1.39,3.24,-1.0,-4.36,-28.17,-0.7,31.87,5.57,24.0,2.0,27711.79,35964.5
SOL/INR,1h,2024-09-24 to 2026-09-24 (2Y),17331,1.5%,1:2,1%,1.5,2.0,Double ST 10x3+10x4,10000.0,2440.05,-7559.95,-75.6,8175.99,77.02,196.5,-117.93,71.18,-52.89,196.5,-117.93,35.88,64.12,0.75,-8.37,903,324,579,0,6,13,1.54,2.74,-0.92,-4.81,-19.12,-0.66,36.37,7.06,24.0,2.0,23063.54,30623.49
SOL/INR,1h,2024-09-24 to 2026-09-24 (2Y),17331,1.5%,1:3,1%,1.5,3.0,Double ST 10x3+10x4,10000.0,3440.28,-6559.72,-65.6,7273.13,67.89,300.39,-119.25,107.35,-65.3,300.39,-119.25,33.37,66.63,0.82,-7.68,854,285,569,0,6,13,1.47,2.92,-0.9,-3.23,-14.71,-0.61,39.59,8.12,24.0,2.0,30595.98,37155.76
SOL/INR,1h,2024-09-24 to 2026-09-24 (2Y),17331,2%,1:2,1%,2.0,2.0,Double ST 10x3+10x4,10000.0,4191.77,-5808.23,-58.08,6469.76,60.68,200.21,-115.45,78.15,-58.98,200.21,-115.45,37.69,62.31,0.8,-7.3,796,300,496,0,5,9,1.6,2.62,-0.9,-3.68,-10.96,-0.58,42.98,9.46,26.0,2.0,23444.64,29252.83
SOL/INR,1h,2024-09-24 to 2026-09-24 (2Y),17331,2%,1:3,1%,2.0,3.0,Double ST 10x3+10x4,10000.0,5311.15,-4688.85,-46.89,5302.19,50.54,286.86,-113.61,90.99,-63.17,286.86,-113.61,36.97,63.03,0.85,-6.17,760,281,479,0,6,10,1.61,2.74,-0.88,-2.45,-8.09,-0.54,45.18,10.41,26.0,2.0,25567.26,30256.05
