site,category,http_code,bytes,fetch_time,HARDLINE
https://example.com,control,200,559,2026-09-23T04:21:45+00:00,READABLE
https://github.com,code-host,200,576858,2026-09-23T04:21:45+00:00,READABLE
https://api.github.com/zen,api-open,200,39,2026-09-23T04:21:45+00:00,READABLE
https://raw.githubusercontent.com/torvalds/linux/master/README,raw-content,200,6034,2026-09-23T04:21:45+00:00,READABLE
https://pypi.org/simple/,package-index,200,46298083,2026-09-23T04:21:46+00:00,READABLE
https://registry.npmjs.org/express,package-index,200,808982,2026-09-23T04:21:47+00:00,READABLE
https://en.wikipedia.org/wiki/Hindi,encyclopedia,200,1030543,2026-09-23T04:21:47+00:00,READABLE
https://arxiv.org/pdf/1706.03762,academic-pdf,200,2215244,2026-09-23T04:21:47+00:00,READABLE
https://data.gov,gov-data,200,121850,2026-09-23T04:21:47+00:00,READABLE
https://finance.yahoo.com,finance,200,884608,2026-09-23T04:21:47+00:00,READABLE
https://www.google.com,search-engine,200,241552,2026-09-23T04:21:47+00:00,READABLE
https://duckduckgo.com/html/?q=test,search-engine,202,14181,2026-09-23T04:21:48+00:00,CHECK
https://x.com,social,200,32816,2026-09-23T04:21:48+00:00,READABLE
https://www.instagram.com,social,200,633034,2026-09-23T04:21:48+00:00,READABLE
https://www.linkedin.com,social,200,144108,2026-09-23T04:21:48+00:00,READABLE
https://www.reddit.com,forum,403,190240,2026-09-23T04:21:48+00:00,BLOCKED(paywall/bot-wall)
https://stackoverflow.com,qa-dev,403,5209,2026-09-23T04:21:48+00:00,BLOCKED(paywall/bot-wall)
https://medium.com,publishing,403,5550,2026-09-23T04:21:49+00:00,BLOCKED(paywall/bot-wall)
https://www.quora.com,qa-general,403,5575,2026-09-23T04:21:49+00:00,BLOCKED(paywall/bot-wall)
https://www.bloomberg.com,news-paid,403,13856,2026-09-23T04:21:49+00:00,BLOCKED(paywall/bot-wall)
https://www.wsj.com,news-paid,401,767,2026-09-23T04:21:49+00:00,BLOCKED(paywall/bot-wall)
https://www.sciencedirect.com,academic-paid,403,832802,2026-09-23T04:21:49+00:00,BLOCKED(paywall/bot-wall)
https://www.tripadvisor.com,travel,403,778,2026-09-23T04:21:49+00:00,BLOCKED(paywall/bot-wall)
https://www.nseindia.com,finance-local,403,368,2026-09-23T04:21:49+00:00,BLOCKED(paywall/bot-wall)
https://www.amazon.in,ecommerce,200,3793,2026-09-23T04:21:49+00:00,READABLE
https://www.jstor.org,academic,200,43954,2026-09-23T04:21:50+00:00,READABLE
https://api.stackexchange.com/2.3/search?order=desc&sort=relevance&intitle=python&site=stackoverflow,api-dev-qa,200,23119,2026-09-23T04:21:50+00:00,READABLE
https://archive.org/wayback/available?url=reddit.com,api-archive,200,201,2026-09-23T04:21:52+00:00,READABLE
https://api.semanticscholar.org/graph/v1/paper/search?query=transformer&limit=1,api-academic,429,174,2026-09-23T04:21:53+00:00,CHECK
