date,ticker,type,entry_time,exit_time,entry,exit,shares,pnl,reason
2024-09-26,QQQ,SHORT,2024-09-26 10:30:00-04:00,2024-09-26 11:30:00-04:00,487.31,489.09,25,-44.8,STOP_LOSS
2024-09-27,QQQ,SHORT,2024-09-27 10:30:00-04:00,2024-09-27 14:30:00-04:00,487.72,485.77,25,48.56,TARGET_HIT
2024-10-02,QQQ,LONG,2024-10-02 10:30:00-04:00,2024-10-02 15:30:00-04:00,483.21,481.8,25,-35.74,MANDATORY_EOD_SQUAREOFF
2024-10-08,QQQ,LONG,2024-10-08 10:30:00-04:00,2024-10-08 15:30:00-04:00,487.8,489.18,25,34.42,MANDATORY_EOD_SQUAREOFF
2024-10-09,QQQ,LONG,2024-10-09 10:30:00-04:00,2024-10-09 15:30:00-04:00,491.62,493.49,25,46.52,TARGET_HIT
2024-10-10,QQQ,LONG,2024-10-10 10:30:00-04:00,2024-10-10 14:30:00-04:00,492.83,491.2,25,-40.82,STOP_LOSS
2024-10-15,QQQ,SHORT,2024-10-15 10:30:00-04:00,2024-10-15 14:30:00-04:00,492.03,490.38,25,40.97,TARGET_HIT
2024-10-21,QQQ,SHORT,2024-10-21 10:30:00-04:00,2024-10-21 11:30:00-04:00,491.5,493.13,25,-40.95,STOP_LOSS
2024-10-23,QQQ,SHORT,2024-10-23 10:30:00-04:00,2024-10-23 12:30:00-04:00,490.44,488.51,25,47.82,TARGET_HIT
2024-10-29,QQQ,LONG,2024-10-29 11:30:00-04:00,2024-10-29 14:30:00-04:00,498.38,500.11,25,42.96,TARGET_HIT
2024-11-01,QQQ,LONG,2024-11-01 10:30:00-04:00,2024-11-01 12:30:00-04:00,490.8,488.48,25,-58.12,STOP_LOSS
2024-11-05,QQQ,LONG,2024-11-05 11:30:00-05:00,2024-11-05 15:30:00-05:00,492.48,492.1,25,-9.63,MANDATORY_EOD_SQUAREOFF
2024-11-06,QQQ,LONG,2024-11-06 12:30:00-05:00,2024-11-06 15:30:00-05:00,504.83,505.47,24,15.05,MANDATORY_EOD_SQUAREOFF
2024-11-07,QQQ,LONG,2024-11-07 10:30:00-05:00,2024-11-07 15:30:00-05:00,512.11,513.45,24,31.74,MANDATORY_EOD_SQUAREOFF
2024-11-11,QQQ,SHORT,2024-11-11 12:30:00-05:00,2024-11-11 13:30:00-05:00,511.79,513.05,24,-30.5,STOP_LOSS
2024-11-12,QQQ,SHORT,2024-11-12 10:30:00-05:00,2024-11-12 12:30:00-05:00,512.64,511.44,24,28.53,TARGET_HIT
2024-11-13,QQQ,LONG,2024-11-13 11:30:00-05:00,2024-11-13 13:30:00-05:00,513.21,514.69,24,35.46,TARGET_HIT
2024-11-15,QQQ,SHORT,2024-11-15 10:30:00-05:00,2024-11-15 12:30:00-05:00,498.51,496.05,25,61.24,TARGET_HIT
2024-11-18,QQQ,LONG,2024-11-18 10:30:00-05:00,2024-11-18 13:30:00-05:00,501.64,499.37,25,-56.91,STOP_LOSS
2024-11-19,QQQ,LONG,2024-11-19 10:30:00-05:00,2024-11-19 13:30:00-05:00,501.49,503.28,25,44.51,TARGET_HIT
2024-11-25,QQQ,SHORT,2024-11-25 11:30:00-05:00,2024-11-25 15:30:00-05:00,505.08,506.71,25,-41.09,MANDATORY_EOD_SQUAREOFF
2024-11-27,QQQ,SHORT,2024-11-27 10:30:00-05:00,2024-11-27 12:30:00-05:00,502.96,504.72,25,-44.3,STOP_LOSS
2024-12-02,QQQ,LONG,2024-12-02 11:30:00-05:00,2024-12-02 15:30:00-05:00,515.79,515.15,24,-15.82,MANDATORY_EOD_SQUAREOFF
2024-12-03,QQQ,LONG,2024-12-03 10:30:00-05:00,2024-12-03 11:30:00-05:00,516.37,514.8,24,-38.09,STOP_LOSS
2024-12-04,QQQ,LONG,2024-12-04 10:30:00-05:00,2024-12-04 15:30:00-05:00,521.72,523.13,24,33.68,TARGET_HIT
2024-12-05,QQQ,LONG,2024-12-05 11:30:00-05:00,2024-12-05 12:30:00-05:00,523.98,522.71,23,-29.35,STOP_LOSS
2024-12-09,QQQ,SHORT,2024-12-09 10:30:00-05:00,2024-12-09 15:30:00-05:00,522.77,522.53,23,5.44,MANDATORY_EOD_SQUAREOFF
2024-12-10,QQQ,SHORT,2024-12-10 10:30:00-05:00,2024-12-10 14:30:00-05:00,521.95,520.54,24,33.75,TARGET_HIT
2024-12-11,QQQ,LONG,2024-12-11 10:30:00-05:00,2024-12-11 15:30:00-05:00,529.33,529.76,23,9.71,MANDATORY_EOD_SQUAREOFF
2024-12-12,QQQ,LONG,2024-12-12 12:30:00-05:00,2024-12-12 13:30:00-05:00,528.72,526.97,23,-40.5,STOP_LOSS
2024-12-13,QQQ,SHORT,2024-12-13 10:30:00-05:00,2024-12-13 11:30:00-05:00,527.91,529.48,23,-36.29,STOP_LOSS
2024-12-16,QQQ,LONG,2024-12-16 10:30:00-05:00,2024-12-16 13:30:00-05:00,536.48,538.49,23,46.01,TARGET_HIT
2024-12-19,QQQ,SHORT,2024-12-19 11:30:00-05:00,2024-12-19 13:30:00-05:00,515.84,518.57,24,-65.98,STOP_LOSS
2024-12-20,QQQ,LONG,2024-12-20 10:30:00-05:00,2024-12-20 15:30:00-05:00,521.63,518.08,23,-81.74,STOP_LOSS
2024-12-23,QQQ,LONG,2024-12-23 12:30:00-05:00,2024-12-23 15:30:00-05:00,522.1,522.76,23,15.1,MANDATORY_EOD_SQUAREOFF
2024-12-26,QQQ,LONG,2024-12-26 11:30:00-05:00,2024-12-26 15:30:00-05:00,530.26,529.39,23,-20.19,MANDATORY_EOD_SQUAREOFF
2024-12-30,QQQ,LONG,2024-12-30 11:30:00-05:00,2024-12-30 15:30:00-05:00,518.24,515.35,23,-66.5,STOP_LOSS
2024-12-31,QQQ,SHORT,2024-12-31 10:30:00-05:00,2024-12-31 15:30:00-05:00,513.01,511.33,23,38.24,MANDATORY_EOD_SQUAREOFF
2025-01-02,QQQ,SHORT,2025-01-02 11:30:00-05:00,2025-01-02 12:30:00-05:00,509.58,506.72,24,68.34,TARGET_HIT
2025-01-03,QQQ,LONG,2025-01-03 11:30:00-05:00,2025-01-03 15:30:00-05:00,517.14,518.4,24,30.18,MANDATORY_EOD_SQUAREOFF
2025-01-06,QQQ,LONG,2025-01-06 10:30:00-05:00,2025-01-06 12:30:00-05:00,527.88,525.09,23,-64.34,STOP_LOSS
2025-01-08,QQQ,SHORT,2025-01-08 11:30:00-05:00,2025-01-08 12:30:00-05:00,510.99,513.77,24,-66.98,STOP_LOSS
2025-01-13,QQQ,LONG,2025-01-13 12:30:00-05:00,2025-01-13 15:30:00-05:00,504.39,505.45,24,25.25,MANDATORY_EOD_SQUAREOFF
2025-01-14,QQQ,SHORT,2025-01-14 10:30:00-05:00,2025-01-14 13:30:00-05:00,504.58,507.31,24,-65.83,STOP_LOSS
2025-01-21,QQQ,LONG,2025-01-21 12:30:00-05:00,2025-01-21 15:30:00-05:00,525.65,524.53,23,-25.88,MANDATORY_EOD_SQUAREOFF
2025-01-22,QQQ,LONG,2025-01-22 10:30:00-05:00,2025-01-22 15:30:00-05:00,532.96,530.97,22,-43.97,STOP_LOSS
2025-01-23,QQQ,LONG,2025-01-23 10:30:00-05:00,2025-01-23 15:30:00-05:00,530.59,532.39,22,39.32,TARGET_HIT
2025-01-24,QQQ,SHORT,2025-01-24 11:30:00-05:00,2025-01-24 12:30:00-05:00,531.22,529.89,22,29.11,TARGET_HIT
2025-01-28,QQQ,LONG,2025-01-28 11:30:00-05:00,2025-01-28 15:30:00-05:00,521.39,521.7,23,7.09,MANDATORY_EOD_SQUAREOFF
2025-01-30,QQQ,SHORT,2025-01-30 11:30:00-05:00,2025-01-30 13:30:00-05:00,520.5,522.91,23,-55.61,STOP_LOSS
2025-01-31,QQQ,LONG,2025-01-31 11:30:00-05:00,2025-01-31 12:30:00-05:00,530.96,528.03,22,-64.6,STOP_LOSS
2025-02-03,QQQ,LONG,2025-02-03 10:30:00-05:00,2025-02-03 15:30:00-05:00,518.29,517.98,23,-7.27,MANDATORY_EOD_SQUAREOFF
2025-02-04,QQQ,LONG,2025-02-04 10:30:00-05:00,2025-02-04 11:30:00-05:00,525.03,522.06,23,-68.4,STOP_LOSS
2025-02-05,QQQ,LONG,2025-02-05 10:30:00-05:00,2025-02-05 11:30:00-05:00,523.65,526.05,22,52.65,TARGET_HIT
2025-02-13,QQQ,LONG,2025-02-13 10:30:00-05:00,2025-02-13 12:30:00-05:00,533.39,531.43,22,-43.4,STOP_LOSS
2025-02-19,QQQ,LONG,2025-02-19 12:30:00-05:00,2025-02-19 15:30:00-05:00,539.67,539.4,22,-6.1,MANDATORY_EOD_SQUAREOFF
2025-02-21,QQQ,SHORT,2025-02-21 11:30:00-05:00,2025-02-21 12:30:00-05:00,531.96,529.82,22,46.91,TARGET_HIT
2025-02-26,QQQ,LONG,2025-02-26 11:30:00-05:00,2025-02-26 12:30:00-05:00,519.12,516.09,23,-69.96,STOP_LOSS
2025-03-03,QQQ,SHORT,2025-03-03 12:30:00-05:00,2025-03-03 14:30:00-05:00,502.33,497.77,23,104.62,TARGET_HIT
2025-03-05,QQQ,LONG,2025-03-05 12:30:00-05:00,2025-03-05 15:30:00-05:00,498.39,501.93,24,84.69,MANDATORY_EOD_SQUAREOFF
2025-03-06,QQQ,SHORT,2025-03-06 11:30:00-05:00,2025-03-06 15:30:00-05:00,489.78,488.47,24,31.24,MANDATORY_EOD_SQUAREOFF
2025-03-07,QQQ,SHORT,2025-03-07 10:30:00-05:00,2025-03-07 12:30:00-05:00,483.01,487.07,25,-101.91,STOP_LOSS
2025-03-10,QQQ,SHORT,2025-03-10 10:30:00-04:00,2025-03-10 13:30:00-04:00,477.31,472.16,25,128.33,TARGET_HIT
2025-03-11,QQQ,SHORT,2025-03-11 12:30:00-04:00,2025-03-11 13:30:00-04:00,467.07,471.44,26,-113.9,STOP_LOSS
2025-03-12,QQQ,SHORT,2025-03-12 10:30:00-04:00,2025-03-12 11:30:00-04:00,474.78,479.26,25,-112.17,STOP_LOSS
2025-03-13,QQQ,SHORT,2025-03-13 11:30:00-04:00,2025-03-13 15:30:00-04:00,469.53,468.49,25,25.72,MANDATORY_EOD_SQUAREOFF
2025-03-14,QQQ,LONG,2025-03-14 10:30:00-04:00,2025-03-14 15:30:00-04:00,478.27,479.51,25,30.63,MANDATORY_EOD_SQUAREOFF
2025-03-17,QQQ,SHORT,2025-03-17 10:30:00-04:00,2025-03-17 13:30:00-04:00,478.96,482.01,25,-76.44,STOP_LOSS
2025-03-19,QQQ,LONG,2025-03-19 11:30:00-04:00,2025-03-19 12:30:00-04:00,479.83,477.12,24,-65.22,STOP_LOSS
2025-03-21,QQQ,LONG,2025-03-21 11:30:00-04:00,2025-03-21 15:30:00-04:00,478.63,481.0,24,56.45,MANDATORY_EOD_SQUAREOFF
2025-03-24,QQQ,LONG,2025-03-24 10:30:00-04:00,2025-03-24 15:30:00-04:00,490.26,490.33,24,1.58,MANDATORY_EOD_SQUAREOFF
2025-03-25,QQQ,LONG,2025-03-25 10:30:00-04:00,2025-03-25 12:30:00-04:00,493.28,491.09,24,-52.84,STOP_LOSS
2025-03-27,QQQ,LONG,2025-03-27 10:30:00-04:00,2025-03-27 11:30:00-04:00,485.12,483.09,24,-48.86,STOP_LOSS
2025-03-31,QQQ,LONG,2025-03-31 11:30:00-04:00,2025-03-31 14:30:00-04:00,464.95,468.27,25,82.76,TARGET_HIT
2025-04-01,QQQ,LONG,2025-04-01 10:30:00-04:00,2025-04-01 13:30:00-04:00,471.85,468.95,25,-72.87,STOP_LOSS
2025-04-02,QQQ,LONG,2025-04-02 10:30:00-04:00,2025-04-02 12:30:00-04:00,475.02,478.72,24,88.6,TARGET_HIT
2025-04-03,QQQ,SHORT,2025-04-03 10:30:00-04:00,2025-04-03 15:30:00-04:00,453.84,451.19,26,68.86,MANDATORY_EOD_SQUAREOFF
2025-04-04,QQQ,SHORT,2025-04-04 11:30:00-04:00,2025-04-04 15:30:00-04:00,428.61,423.33,28,147.65,MANDATORY_EOD_SQUAREOFF
2025-04-08,QQQ,SHORT,2025-04-08 10:30:00-04:00,2025-04-08 13:30:00-04:00,433.96,422.61,15,170.1,TARGET_HIT
2025-04-09,QQQ,LONG,2025-04-09 12:30:00-04:00,2025-04-09 13:30:00-04:00,444.34,454.11,18,175.7,TARGET_HIT
2025-04-10,QQQ,SHORT,2025-04-10 10:30:00-04:00,2025-04-10 11:30:00-04:00,445.76,434.29,16,183.32,TARGET_HIT
2025-04-14,QQQ,SHORT,2025-04-14 10:30:00-04:00,2025-04-14 15:30:00-04:00,457.46,457.54,25,-2.11,MANDATORY_EOD_SQUAREOFF
2025-04-15,QQQ,SHORT,2025-04-15 12:30:00-04:00,2025-04-15 15:30:00-04:00,456.97,458.13,28,-32.61,MANDATORY_EOD_SQUAREOFF
2025-04-16,QQQ,LONG,2025-04-16 10:30:00-04:00,2025-04-16 11:30:00-04:00,452.13,448.67,28,-97.04,STOP_LOSS
2025-04-21,QQQ,SHORT,2025-04-21 10:30:00-04:00,2025-04-21 15:30:00-04:00,431.8,433.4,29,-46.68,MANDATORY_EOD_SQUAREOFF
2025-04-22,QQQ,LONG,2025-04-22 10:30:00-04:00,2025-04-22 13:30:00-04:00,443.78,440.28,28,-98.4,STOP_LOSS
2025-04-23,QQQ,SHORT,2025-04-23 10:30:00-04:00,2025-04-23 15:30:00-04:00,457.19,454.49,27,72.8,MANDATORY_EOD_SQUAREOFF
2025-04-24,QQQ,LONG,2025-04-24 10:30:00-04:00,2025-04-24 15:30:00-04:00,463.12,467.06,27,106.27,MANDATORY_EOD_SQUAREOFF
2025-04-25,QQQ,LONG,2025-04-25 11:30:00-04:00,2025-04-25 15:30:00-04:00,470.1,472.41,27,62.03,MANDATORY_EOD_SQUAREOFF
2025-04-28,QQQ,SHORT,2025-04-28 10:30:00-04:00,2025-04-28 13:30:00-04:00,467.3,469.77,27,-66.95,STOP_LOSS
2025-04-30,QQQ,LONG,2025-04-30 10:30:00-04:00,2025-04-30 13:30:00-04:00,470.02,473.57,27,95.6,TARGET_HIT
2025-05-01,QQQ,LONG,2025-05-01 10:30:00-04:00,2025-05-01 11:30:00-04:00,486.17,482.79,26,-88.15,STOP_LOSS
2025-05-02,QQQ,LONG,2025-05-02 11:30:00-04:00,2025-05-02 15:30:00-04:00,489.81,488.71,26,-28.69,MANDATORY_EOD_SQUAREOFF
2025-05-05,QQQ,LONG,2025-05-05 11:30:00-04:00,2025-05-05 15:30:00-04:00,487.78,485.8,26,-51.54,MANDATORY_EOD_SQUAREOFF
2025-05-06,QQQ,LONG,2025-05-06 10:30:00-04:00,2025-05-06 12:30:00-04:00,483.18,481.01,26,-56.7,STOP_LOSS
2025-05-07,QQQ,SHORT,2025-05-07 10:30:00-04:00,2025-05-07 12:30:00-04:00,479.87,481.99,26,-55.36,STOP_LOSS
2025-05-08,QQQ,LONG,2025-05-08 11:30:00-04:00,2025-05-08 15:30:00-04:00,491.53,488.73,25,-70.25,STOP_LOSS
2025-05-09,QQQ,SHORT,2025-05-09 11:30:00-04:00,2025-05-09 15:30:00-04:00,487.04,488.21,25,-29.32,MANDATORY_EOD_SQUAREOFF
2025-05-13,QQQ,LONG,2025-05-13 10:30:00-04:00,2025-05-13 15:30:00-04:00,515.91,515.43,24,-11.87,MANDATORY_EOD_SQUAREOFF
2025-05-15,QQQ,LONG,2025-05-15 10:30:00-04:00,2025-05-15 12:30:00-04:00,519.1,520.99,23,43.25,TARGET_HIT
2025-05-19,QQQ,LONG,2025-05-19 11:30:00-04:00,2025-05-19 15:30:00-04:00,520.94,521.87,23,21.32,MANDATORY_EOD_SQUAREOFF
2025-05-20,QQQ,LONG,2025-05-20 12:30:00-04:00,2025-05-20 13:30:00-04:00,520.59,518.56,23,-46.95,STOP_LOSS
2025-05-21,QQQ,LONG,2025-05-21 10:30:00-04:00,2025-05-21 12:30:00-04:00,522.21,520.18,23,-46.79,STOP_LOSS
2025-05-23,QQQ,LONG,2025-05-23 12:30:00-04:00,2025-05-23 15:30:00-04:00,511.66,509.13,24,-60.95,MANDATORY_EOD_SQUAREOFF
2025-05-27,QQQ,LONG,2025-05-27 10:30:00-04:00,2025-05-27 15:30:00-04:00,519.5,521.04,23,35.37,MANDATORY_EOD_SQUAREOFF
2025-05-30,QQQ,SHORT,2025-05-30 11:30:00-04:00,2025-05-30 13:30:00-04:00,514.29,516.54,23,-52.17,STOP_LOSS
2025-06-03,QQQ,LONG,2025-06-03 10:30:00-04:00,2025-06-03 15:30:00-04:00,526.76,527.27,23,11.59,MANDATORY_EOD_SQUAREOFF
2025-06-05,QQQ,LONG,2025-06-05 10:30:00-04:00,2025-06-05 11:30:00-04:00,532.95,531.36,23,-36.72,STOP_LOSS
2025-06-10,QQQ,LONG,2025-06-10 11:30:00-04:00,2025-06-10 13:30:00-04:00,533.02,531.59,22,-31.78,STOP_LOSS
2025-06-12,QQQ,LONG,2025-06-12 11:30:00-04:00,2025-06-12 15:30:00-04:00,534.28,533.5,22,-17.47,MANDATORY_EOD_SQUAREOFF
2025-06-13,QQQ,LONG,2025-06-13 10:30:00-04:00,2025-06-13 13:30:00-04:00,530.68,528.55,22,-47.03,STOP_LOSS
2025-06-17,QQQ,SHORT,2025-06-17 12:30:00-04:00,2025-06-17 15:30:00-04:00,530.29,529.16,22,24.69,MANDATORY_EOD_SQUAREOFF
2025-06-20,QQQ,SHORT,2025-06-20 10:30:00-04:00,2025-06-20 15:30:00-04:00,526.9,526.86,23,0.66,MANDATORY_EOD_SQUAREOFF
2025-06-23,QQQ,LONG,2025-06-23 12:30:00-04:00,2025-06-23 15:30:00-04:00,530.52,531.54,22,22.25,MANDATORY_EOD_SQUAREOFF
2025-06-25,QQQ,SHORT,2025-06-25 10:30:00-04:00,2025-06-25 15:30:00-04:00,541.01,541.33,22,-7.36,MANDATORY_EOD_SQUAREOFF
2025-06-26,QQQ,LONG,2025-06-26 11:30:00-04:00,2025-06-26 13:30:00-04:00,544.98,546.29,22,28.54,TARGET_HIT
2025-07-01,QQQ,SHORT,2025-07-01 10:30:00-04:00,2025-07-01 12:30:00-04:00,546.67,548.32,22,-36.61,STOP_LOSS
2025-07-02,QQQ,LONG,2025-07-02 10:30:00-04:00,2025-07-02 15:30:00-04:00,549.89,550.64,22,16.28,MANDATORY_EOD_SQUAREOFF
2025-07-07,QQQ,SHORT,2025-07-07 11:30:00-04:00,2025-07-07 13:30:00-04:00,552.12,550.43,22,36.99,TARGET_HIT
2025-07-08,QQQ,LONG,2025-07-08 11:30:00-04:00,2025-07-08 12:30:00-04:00,553.81,551.96,22,-40.76,STOP_LOSS
2025-07-09,QQQ,SHORT,2025-07-09 11:30:00-04:00,2025-07-09 14:30:00-04:00,554.2,556.11,21,-40.31,STOP_LOSS
2025-07-11,QQQ,LONG,2025-07-11 12:30:00-04:00,2025-07-11 14:30:00-04:00,555.61,554.13,21,-31.21,STOP_LOSS
2025-07-14,QQQ,LONG,2025-07-14 10:30:00-04:00,2025-07-14 15:30:00-04:00,555.82,556.0,21,3.6,MANDATORY_EOD_SQUAREOFF
2025-07-15,QQQ,SHORT,2025-07-15 12:30:00-04:00,2025-07-15 13:30:00-04:00,558.15,559.68,21,-32.27,STOP_LOSS
2025-07-17,QQQ,LONG,2025-07-17 10:30:00-04:00,2025-07-17 15:30:00-04:00,561.25,561.63,21,7.73,MANDATORY_EOD_SQUAREOFF
2025-07-25,QQQ,LONG,2025-07-25 10:30:00-04:00,2025-07-25 15:30:00-04:00,566.54,566.22,21,-6.93,MANDATORY_EOD_SQUAREOFF
2025-07-28,QQQ,SHORT,2025-07-28 12:30:00-04:00,2025-07-28 15:30:00-04:00,567.36,568.37,21,-21.43,MANDATORY_EOD_SQUAREOFF
2025-07-29,QQQ,SHORT,2025-07-29 10:30:00-04:00,2025-07-29 11:30:00-04:00,567.37,568.61,21,-26.14,STOP_LOSS
2025-07-30,QQQ,LONG,2025-07-30 11:30:00-04:00,2025-07-30 14:30:00-04:00,569.5,568.07,21,-30.34,STOP_LOSS
2025-07-31,QQQ,SHORT,2025-07-31 10:30:00-04:00,2025-07-31 11:30:00-04:00,569.25,571.22,20,-39.54,STOP_LOSS
2025-08-04,QQQ,LONG,2025-08-04 11:30:00-04:00,2025-08-04 15:30:00-04:00,563.39,563.93,21,11.17,MANDATORY_EOD_SQUAREOFF
2025-08-05,QQQ,SHORT,2025-08-05 10:30:00-04:00,2025-08-05 15:30:00-04:00,560.95,560.36,21,12.15,MANDATORY_EOD_SQUAREOFF
2025-08-06,QQQ,LONG,2025-08-06 10:30:00-04:00,2025-08-06 13:30:00-04:00,565.05,566.87,21,38.04,TARGET_HIT
2025-08-07,QQQ,SHORT,2025-08-07 10:30:00-04:00,2025-08-07 12:30:00-04:00,569.27,567.11,21,45.27,TARGET_HIT
2025-08-08,QQQ,LONG,2025-08-08 11:30:00-04:00,2025-08-08 15:30:00-04:00,574.17,574.38,20,3.91,MANDATORY_EOD_SQUAREOFF
2025-08-11,QQQ,LONG,2025-08-11 11:30:00-04:00,2025-08-11 12:30:00-04:00,576.52,574.74,20,-35.74,STOP_LOSS
2025-08-13,QQQ,SHORT,2025-08-13 10:30:00-04:00,2025-08-13 15:30:00-04:00,579.7,580.51,20,-16.46,MANDATORY_EOD_SQUAREOFF
2025-08-14,QQQ,LONG,2025-08-14 12:30:00-04:00,2025-08-14 13:30:00-04:00,581.34,579.87,20,-29.69,STOP_LOSS
2025-08-15,QQQ,SHORT,2025-08-15 11:30:00-04:00,2025-08-15 12:30:00-04:00,576.14,577.83,20,-34.03,STOP_LOSS
2025-08-19,QQQ,SHORT,2025-08-19 10:30:00-04:00,2025-08-19 12:30:00-04:00,571.79,570.39,20,27.78,TARGET_HIT
2025-08-21,QQQ,SHORT,2025-08-21 12:30:00-04:00,2025-08-21 14:30:00-04:00,561.46,564.11,21,-55.94,STOP_LOSS
2025-08-25,QQQ,LONG,2025-08-25 10:30:00-04:00,2025-08-25 15:30:00-04:00,573.03,570.72,20,-46.45,STOP_LOSS
2025-08-28,QQQ,LONG,2025-08-28 11:30:00-04:00,2025-08-28 15:30:00-04:00,576.99,576.9,20,-2.14,MANDATORY_EOD_SQUAREOFF
2025-09-04,QQQ,LONG,2025-09-04 12:30:00-04:00,2025-09-04 15:30:00-04:00,573.2,575.4,20,43.84,TARGET_HIT
2025-09-08,QQQ,LONG,2025-09-08 10:30:00-04:00,2025-09-08 12:30:00-04:00,580.74,578.82,20,-38.66,STOP_LOSS
2025-09-10,QQQ,SHORT,2025-09-10 12:30:00-04:00,2025-09-10 14:30:00-04:00,580.78,579.48,20,25.72,TARGET_HIT
2025-09-11,QQQ,LONG,2025-09-11 10:30:00-04:00,2025-09-11 15:30:00-04:00,584.86,583.92,20,-18.81,MANDATORY_EOD_SQUAREOFF
2025-09-12,QQQ,LONG,2025-09-12 10:30:00-04:00,2025-09-12 14:30:00-04:00,586.31,587.67,20,27.06,TARGET_HIT
2025-09-15,QQQ,LONG,2025-09-15 11:30:00-04:00,2025-09-15 15:30:00-04:00,590.85,591.51,20,13.11,MANDATORY_EOD_SQUAREOFF
2025-09-16,QQQ,SHORT,2025-09-16 10:30:00-04:00,2025-09-16 14:30:00-04:00,590.75,591.9,20,-23.17,STOP_LOSS
2025-09-17,QQQ,SHORT,2025-09-17 10:30:00-04:00,2025-09-17 13:30:00-04:00,588.26,587.37,20,17.56,TARGET_HIT
2025-09-19,QQQ,SHORT,2025-09-19 10:30:00-04:00,2025-09-19 11:30:00-04:00,596.14,598.43,19,-43.65,STOP_LOSS
2025-09-22,QQQ,LONG,2025-09-22 10:30:00-04:00,2025-09-22 12:30:00-04:00,600.5,601.85,19,25.41,TARGET_HIT
2025-09-23,QQQ,SHORT,2025-09-23 12:30:00-04:00,2025-09-23 13:30:00-04:00,598.96,597.84,19,21.06,TARGET_HIT
2025-09-24,QQQ,SHORT,2025-09-24 11:30:00-04:00,2025-09-24 12:30:00-04:00,594.87,596.12,19,-23.82,STOP_LOSS
2025-09-29,QQQ,SHORT,2025-09-29 12:30:00-04:00,2025-09-29 15:30:00-04:00,598.5,598.93,19,-8.35,MANDATORY_EOD_SQUAREOFF
2025-10-01,QQQ,LONG,2025-10-01 11:30:00-04:00,2025-10-01 14:30:00-04:00,601.76,603.6,19,34.81,TARGET_HIT
2025-10-03,QQQ,SHORT,2025-10-03 12:30:00-04:00,2025-10-03 13:30:00-04:00,603.72,602.37,19,25.49,TARGET_HIT
2025-10-06,QQQ,LONG,2025-10-06 12:30:00-04:00,2025-10-06 15:30:00-04:00,608.81,607.53,19,-24.51,MANDATORY_EOD_SQUAREOFF
2025-10-07,QQQ,SHORT,2025-10-07 10:30:00-04:00,2025-10-07 11:30:00-04:00,605.03,603.36,19,31.49,TARGET_HIT
2025-10-08,QQQ,LONG,2025-10-08 10:30:00-04:00,2025-10-08 15:30:00-04:00,609.28,610.89,19,30.37,TARGET_HIT
2025-10-09,QQQ,SHORT,2025-10-09 10:30:00-04:00,2025-10-09 15:30:00-04:00,609.06,610.65,19,-30.48,STOP_LOSS
2025-10-10,QQQ,SHORT,2025-10-10 10:30:00-04:00,2025-10-10 11:30:00-04:00,600.52,599.3,19,22.99,TARGET_HIT
2025-10-14,QQQ,LONG,2025-10-14 11:30:00-04:00,2025-10-14 15:30:00-04:00,601.05,596.92,19,-78.63,STOP_LOSS
2025-10-15,QQQ,SHORT,2025-10-15 12:30:00-04:00,2025-10-15 13:30:00-04:00,597.78,600.73,19,-56.15,STOP_LOSS
2025-10-16,QQQ,SHORT,2025-10-16 11:30:00-04:00,2025-10-16 13:30:00-04:00,600.89,597.39,19,66.39,TARGET_HIT
2025-10-20,QQQ,LONG,2025-10-20 10:30:00-04:00,2025-10-20 15:30:00-04:00,612.17,611.36,19,-15.71,MANDATORY_EOD_SQUAREOFF
2025-10-21,QQQ,LONG,2025-10-21 11:30:00-04:00,2025-10-21 12:30:00-04:00,612.66,610.24,19,-46.15,STOP_LOSS
2025-10-23,QQQ,LONG,2025-10-23 11:30:00-04:00,2025-10-23 15:30:00-04:00,609.5,610.44,19,17.56,MANDATORY_EOD_SQUAREOFF
2025-10-24,QQQ,LONG,2025-10-24 12:30:00-04:00,2025-10-24 15:30:00-04:00,618.11,616.81,19,-24.71,MANDATORY_EOD_SQUAREOFF
2025-10-27,QQQ,LONG,2025-10-27 10:30:00-04:00,2025-10-27 15:30:00-04:00,626.7,627.89,18,21.31,MANDATORY_EOD_SQUAREOFF
2025-10-28,QQQ,LONG,2025-10-28 12:30:00-04:00,2025-10-28 14:30:00-04:00,632.31,633.96,18,29.4,TARGET_HIT
2025-10-29,QQQ,SHORT,2025-10-29 10:30:00-04:00,2025-10-29 14:30:00-04:00,635.07,633.68,18,24.83,TARGET_HIT
2025-10-31,QQQ,SHORT,2025-10-31 11:30:00-04:00,2025-10-31 15:30:00-04:00,629.29,632.18,18,-52.27,STOP_LOSS
2025-11-04,QQQ,SHORT,2025-11-04 12:30:00-05:00,2025-11-04 15:30:00-05:00,620.3,619.41,18,15.86,MANDATORY_EOD_SQUAREOFF
2025-11-05,QQQ,LONG,2025-11-05 10:30:00-05:00,2025-11-05 15:30:00-05:00,623.54,623.2,18,-6.19,MANDATORY_EOD_SQUAREOFF
2025-11-06,QQQ,SHORT,2025-11-06 10:30:00-05:00,2025-11-06 11:30:00-05:00,613.39,610.7,19,50.86,TARGET_HIT
2025-11-07,QQQ,SHORT,2025-11-07 10:30:00-05:00,2025-11-07 12:30:00-05:00,600.57,603.47,19,-55.38,STOP_LOSS
2025-11-10,QQQ,SHORT,2025-11-10 10:30:00-05:00,2025-11-10 12:30:00-05:00,617.42,621.3,19,-73.84,STOP_LOSS
2025-11-11,QQQ,SHORT,2025-11-11 10:30:00-05:00,2025-11-11 12:30:00-05:00,618.12,621.37,18,-58.68,STOP_LOSS
2025-11-12,QQQ,SHORT,2025-11-12 11:30:00-05:00,2025-11-12 13:30:00-05:00,619.24,621.53,18,-41.38,STOP_LOSS
2025-11-13,QQQ,SHORT,2025-11-13 10:30:00-05:00,2025-11-13 12:30:00-05:00,611.29,608.72,18,46.02,TARGET_HIT
2025-11-20,QQQ,SHORT,2025-11-20 10:30:00-05:00,2025-11-20 11:30:00-05:00,604.11,598.59,19,104.71,TARGET_HIT
2025-11-21,QQQ,LONG,2025-11-21 11:30:00-05:00,2025-11-21 15:30:00-05:00,591.42,589.97,19,-27.63,MANDATORY_EOD_SQUAREOFF
2025-11-24,QQQ,LONG,2025-11-24 10:30:00-05:00,2025-11-24 15:30:00-05:00,603.73,605.11,19,25.98,MANDATORY_EOD_SQUAREOFF
2025-11-25,QQQ,LONG,2025-11-25 11:30:00-05:00,2025-11-25 15:30:00-05:00,606.93,608.72,19,33.73,MANDATORY_EOD_SQUAREOFF
2025-11-26,QQQ,LONG,2025-11-26 10:30:00-05:00,2025-11-26 15:30:00-05:00,615.11,614.13,19,-18.98,MANDATORY_EOD_SQUAREOFF
2025-12-01,QQQ,LONG,2025-12-01 11:30:00-05:00,2025-12-01 14:30:00-05:00,618.61,616.4,19,-42.09,STOP_LOSS
2025-12-02,QQQ,SHORT,2025-12-02 10:30:00-05:00,2025-12-02 11:30:00-05:00,618.49,620.64,18,-38.78,STOP_LOSS
2025-12-03,QQQ,LONG,2025-12-03 11:30:00-05:00,2025-12-03 15:30:00-05:00,622.82,623.34,18,9.29,MANDATORY_EOD_SQUAREOFF
2025-12-08,QQQ,SHORT,2025-12-08 11:30:00-05:00,2025-12-08 15:30:00-05:00,622.78,624.37,18,-28.8,MANDATORY_EOD_SQUAREOFF
2025-12-09,QQQ,LONG,2025-12-09 10:30:00-05:00,2025-12-09 15:30:00-05:00,624.96,624.92,18,-0.81,MANDATORY_EOD_SQUAREOFF
2025-12-12,QQQ,SHORT,2025-12-12 10:30:00-05:00,2025-12-12 12:30:00-05:00,613.76,616.87,18,-56.2,STOP_LOSS
2025-12-17,QQQ,SHORT,2025-12-17 10:30:00-05:00,2025-12-17 14:30:00-05:00,604.56,601.58,19,56.32,TARGET_HIT
2025-12-18,QQQ,LONG,2025-12-18 10:30:00-05:00,2025-12-18 11:30:00-05:00,611.72,608.58,19,-59.99,STOP_LOSS
2025-12-23,QQQ,LONG,2025-12-23 11:30:00-05:00,2025-12-23 15:30:00-05:00,621.26,622.02,18,13.63,MANDATORY_EOD_SQUAREOFF
2026-01-05,QQQ,LONG,2026-01-05 10:30:00-05:00,2026-01-05 12:30:00-05:00,620.43,617.72,18,-48.98,STOP_LOSS
2026-01-07,QQQ,LONG,2026-01-07 10:30:00-05:00,2026-01-07 11:30:00-05:00,625.73,627.31,18,28.35,TARGET_HIT
2026-01-09,QQQ,LONG,2026-01-09 10:30:00-05:00,2026-01-09 14:30:00-05:00,625.16,627.45,18,41.11,TARGET_HIT
2026-01-12,QQQ,LONG,2026-01-12 10:30:00-05:00,2026-01-12 15:30:00-05:00,627.12,626.99,18,-2.45,MANDATORY_EOD_SQUAREOFF
2026-01-14,QQQ,SHORT,2026-01-14 11:30:00-05:00,2026-01-14 14:30:00-05:00,616.11,618.42,18,-41.78,STOP_LOSS
2026-01-20,QQQ,LONG,2026-01-20 10:30:00-05:00,2026-01-20 12:30:00-05:00,614.63,612.04,18,-46.79,STOP_LOSS
2026-01-21,QQQ,LONG,2026-01-21 10:30:00-05:00,2026-01-21 11:30:00-05:00,615.93,613.47,18,-44.63,STOP_LOSS
2026-01-23,QQQ,LONG,2026-01-23 10:30:00-05:00,2026-01-23 12:30:00-05:00,624.28,621.41,18,-51.8,STOP_LOSS
2026-01-26,QQQ,LONG,2026-01-26 10:30:00-05:00,2026-01-26 15:30:00-05:00,627.09,625.29,18,-32.5,MANDATORY_EOD_SQUAREOFF
2026-01-27,QQQ,LONG,2026-01-27 10:30:00-05:00,2026-01-27 15:30:00-05:00,631.62,630.89,17,-12.64,MANDATORY_EOD_SQUAREOFF
2026-01-28,QQQ,SHORT,2026-01-28 10:30:00-05:00,2026-01-28 11:30:00-05:00,633.6,632.03,17,26.6,TARGET_HIT
2026-01-30,QQQ,SHORT,2026-01-30 11:30:00-05:00,2026-01-30 12:30:00-05:00,624.25,621.08,18,56.94,TARGET_HIT
2026-02-02,QQQ,LONG,2026-02-02 11:30:00-05:00,2026-02-02 15:30:00-05:00,627.88,626.06,18,-32.96,MANDATORY_EOD_SQUAREOFF
2026-02-04,QQQ,SHORT,2026-02-04 11:30:00-05:00,2026-02-04 14:30:00-05:00,602.82,605.84,18,-54.61,STOP_LOSS
2026-02-06,QQQ,LONG,2026-02-06 10:30:00-05:00,2026-02-06 15:30:00-05:00,606.31,611.11,18,86.25,TARGET_HIT
2026-02-09,QQQ,LONG,2026-02-09 10:30:00-05:00,2026-02-09 15:30:00-05:00,614.89,614.14,18,-13.84,MANDATORY_EOD_SQUAREOFF
2026-02-12,QQQ,SHORT,2026-02-12 10:30:00-05:00,2026-02-12 11:30:00-05:00,601.76,604.46,18,-48.74,STOP_LOSS
2026-02-13,QQQ,LONG,2026-02-13 11:30:00-05:00,2026-02-13 14:30:00-05:00,605.54,602.2,18,-60.31,STOP_LOSS
2026-02-18,QQQ,LONG,2026-02-18 10:30:00-05:00,2026-02-18 14:30:00-05:00,609.12,605.58,18,-63.96,STOP_LOSS
2026-02-23,QQQ,SHORT,2026-02-23 10:30:00-05:00,2026-02-23 15:30:00-05:00,601.49,601.6,18,-2.18,MANDATORY_EOD_SQUAREOFF
2026-02-24,QQQ,LONG,2026-02-24 10:30:00-05:00,2026-02-24 15:30:00-05:00,607.62,607.66,18,0.46,MANDATORY_EOD_SQUAREOFF
2026-03-02,QQQ,LONG,2026-03-02 11:30:00-05:00,2026-03-02 15:30:00-05:00,608.79,607.86,18,-16.92,MANDATORY_EOD_SQUAREOFF
2026-03-03,QQQ,LONG,2026-03-03 11:30:00-05:00,2026-03-03 15:30:00-05:00,600.57,601.48,18,16.19,MANDATORY_EOD_SQUAREOFF
2026-03-04,QQQ,LONG,2026-03-04 12:30:00-05:00,2026-03-04 15:30:00-05:00,611.97,610.37,18,-28.95,MANDATORY_EOD_SQUAREOFF
2026-03-05,QQQ,SHORT,2026-03-05 10:30:00-05:00,2026-03-05 11:30:00-05:00,606.77,609.74,18,-53.64,STOP_LOSS
2026-03-06,QQQ,LONG,2026-03-06 10:30:00-05:00,2026-03-06 14:30:00-05:00,604.34,601.32,18,-54.51,STOP_LOSS
2026-03-09,QQQ,LONG,2026-03-09 10:30:00-04:00,2026-03-09 14:30:00-04:00,599.5,603.72,18,75.71,TARGET_HIT
2026-03-10,QQQ,LONG,2026-03-10 10:30:00-04:00,2026-03-10 13:30:00-04:00,611.65,608.05,18,-65.09,STOP_LOSS
2026-03-11,QQQ,SHORT,2026-03-11 10:30:00-04:00,2026-03-11 15:30:00-04:00,606.36,607.91,18,-28.16,MANDATORY_EOD_SQUAREOFF
2026-03-13,QQQ,SHORT,2026-03-13 10:30:00-04:00,2026-03-13 15:30:00-04:00,595.3,593.87,18,25.62,MANDATORY_EOD_SQUAREOFF
2026-03-20,QQQ,SHORT,2026-03-20 12:30:00-04:00,2026-03-20 14:30:00-04:00,584.86,581.41,18,61.93,TARGET_HIT
2026-03-23,QQQ,SHORT,2026-03-23 11:30:00-04:00,2026-03-23 13:30:00-04:00,586.02,589.48,18,-62.41,STOP_LOSS
2026-03-24,QQQ,LONG,2026-03-24 10:30:00-04:00,2026-03-24 12:30:00-04:00,587.04,583.63,18,-61.68,STOP_LOSS
2026-03-26,QQQ,SHORT,2026-03-26 11:30:00-04:00,2026-03-26 13:30:00-04:00,578.87,575.48,18,60.76,TARGET_HIT
2026-03-27,QQQ,SHORT,2026-03-27 12:30:00-04:00,2026-03-27 15:30:00-04:00,564.02,562.67,19,25.5,MANDATORY_EOD_SQUAREOFF
2026-03-30,QQQ,SHORT,2026-03-30 11:30:00-04:00,2026-03-30 14:30:00-04:00,561.49,558.42,19,58.26,TARGET_HIT
2026-03-31,QQQ,LONG,2026-03-31 12:30:00-04:00,2026-03-31 15:30:00-04:00,574.65,578.29,19,68.99,TARGET_HIT
2026-04-01,QQQ,LONG,2026-04-01 10:30:00-04:00,2026-04-01 15:30:00-04:00,585.49,584.11,19,-26.24,MANDATORY_EOD_SQUAREOFF
2026-04-02,QQQ,LONG,2026-04-02 10:30:00-04:00,2026-04-02 15:30:00-04:00,584.14,584.78,19,12.15,MANDATORY_EOD_SQUAREOFF
2026-04-08,QQQ,SHORT,2026-04-08 10:30:00-04:00,2026-04-08 15:30:00-04:00,603.99,606.1,18,-38.21,MANDATORY_EOD_SQUAREOFF
2026-04-09,QQQ,LONG,2026-04-09 11:30:00-04:00,2026-04-09 15:30:00-04:00,609.37,609.9,18,9.26,MANDATORY_EOD_SQUAREOFF
2026-04-10,QQQ,SHORT,2026-04-10 12:30:00-04:00,2026-04-10 15:30:00-04:00,609.68,611.2,18,-27.65,MANDATORY_EOD_SQUAREOFF
2026-04-13,QQQ,LONG,2026-04-13 11:30:00-04:00,2026-04-13 15:30:00-04:00,613.67,615.9,18,39.89,TARGET_HIT
2026-04-14,QQQ,LONG,2026-04-14 10:30:00-04:00,2026-04-14 12:30:00-04:00,624.65,626.8,17,36.41,TARGET_HIT
2026-04-15,QQQ,LONG,2026-04-15 10:30:00-04:00,2026-04-15 12:30:00-04:00,633.36,631.27,17,-35.71,STOP_LOSS
2026-04-16,QQQ,LONG,2026-04-16 10:30:00-04:00,2026-04-16 11:30:00-04:00,639.84,641.89,17,34.68,TARGET_HIT
2026-04-17,QQQ,LONG,2026-04-17 10:30:00-04:00,2026-04-17 12:30:00-04:00,649.25,646.78,17,-42.32,STOP_LOSS
2026-04-20,QQQ,SHORT,2026-04-20 10:30:00-04:00,2026-04-20 15:30:00-04:00,645.46,646.96,17,-25.8,MANDATORY_EOD_SQUAREOFF
2026-04-21,QQQ,SHORT,2026-04-21 10:30:00-04:00,2026-04-21 12:30:00-04:00,646.12,644.2,17,32.45,TARGET_HIT
2026-04-22,QQQ,LONG,2026-04-22 12:30:00-04:00,2026-04-22 15:30:00-04:00,653.91,654.88,17,16.45,MANDATORY_EOD_SQUAREOFF
2026-04-23,QQQ,LONG,2026-04-23 10:30:00-04:00,2026-04-23 12:30:00-04:00,656.53,653.86,17,-45.56,STOP_LOSS
2026-04-24,QQQ,LONG,2026-04-24 10:30:00-04:00,2026-04-24 15:30:00-04:00,661.4,663.71,16,36.84,MANDATORY_EOD_SQUAREOFF
2026-04-28,QQQ,SHORT,2026-04-28 10:30:00-04:00,2026-04-28 13:30:00-04:00,654.49,656.57,17,-35.61,STOP_LOSS
2026-05-04,QQQ,SHORT,2026-05-04 10:30:00-04:00,2026-05-04 11:30:00-04:00,672.58,669.87,16,43.22,TARGET_HIT
2026-05-05,QQQ,LONG,2026-05-05 12:30:00-04:00,2026-05-05 15:30:00-04:00,681.95,681.31,16,-10.46,MANDATORY_EOD_SQUAREOFF
2026-05-06,QQQ,LONG,2026-05-06 10:30:00-04:00,2026-05-06 15:30:00-04:00,692.5,695.34,16,45.34,TARGET_HIT
2026-05-07,QQQ,SHORT,2026-05-07 12:30:00-04:00,2026-05-07 13:30:00-04:00,692.87,695.0,16,-34.29,STOP_LOSS
2026-05-08,QQQ,LONG,2026-05-08 10:30:00-04:00,2026-05-08 15:30:00-04:00,707.4,710.86,15,51.75,TARGET_HIT
2026-05-11,QQQ,LONG,2026-05-11 11:30:00-04:00,2026-05-11 15:30:00-04:00,714.4,713.14,15,-19.17,MANDATORY_EOD_SQUAREOFF
2026-05-12,QQQ,SHORT,2026-05-12 10:30:00-04:00,2026-05-12 12:30:00-04:00,699.72,697.14,16,41.22,TARGET_HIT
2026-05-13,QQQ,LONG,2026-05-13 10:30:00-04:00,2026-05-13 12:30:00-04:00,710.78,714.21,15,51.26,TARGET_HIT
2026-05-14,QQQ,LONG,2026-05-14 10:30:00-04:00,2026-05-14 12:30:00-04:00,721.59,718.48,15,-46.77,STOP_LOSS
2026-05-15,QQQ,LONG,2026-05-15 12:30:00-04:00,2026-05-15 14:30:00-04:00,713.68,710.54,15,-47.29,STOP_LOSS
2026-05-18,QQQ,SHORT,2026-05-18 10:30:00-04:00,2026-05-18 15:30:00-04:00,702.13,705.45,16,-53.23,STOP_LOSS
2026-05-19,QQQ,LONG,2026-05-19 12:30:00-04:00,2026-05-19 14:30:00-04:00,705.66,701.65,15,-60.2,STOP_LOSS
2026-05-20,QQQ,LONG,2026-05-20 10:30:00-04:00,2026-05-20 15:30:00-04:00,710.84,712.86,15,30.04,MANDATORY_EOD_SQUAREOFF
2026-05-21,QQQ,LONG,2026-05-21 12:30:00-04:00,2026-05-21 15:30:00-04:00,713.88,714.23,15,4.97,MANDATORY_EOD_SQUAREOFF
2026-05-22,QQQ,LONG,2026-05-22 12:30:00-04:00,2026-05-22 14:30:00-04:00,722.06,718.96,15,-46.64,STOP_LOSS
2026-05-28,QQQ,LONG,2026-05-28 10:30:00-04:00,2026-05-28 15:30:00-04:00,734.89,735.35,15,6.73,MANDATORY_EOD_SQUAREOFF
2026-06-01,QQQ,LONG,2026-06-01 10:30:00-04:00,2026-06-01 12:30:00-04:00,740.74,743.06,14,32.37,TARGET_HIT
2026-06-02,QQQ,LONG,2026-06-02 10:30:00-04:00,2026-06-02 15:30:00-04:00,745.32,745.92,14,8.16,MANDATORY_EOD_SQUAREOFF
2026-06-04,QQQ,LONG,2026-06-04 10:30:00-04:00,2026-06-04 13:30:00-04:00,739.83,742.93,15,46.32,TARGET_HIT
2026-06-05,QQQ,SHORT,2026-06-05 10:30:00-04:00,2026-06-05 12:30:00-04:00,722.1,717.91,15,62.72,TARGET_HIT
2026-06-08,QQQ,LONG,2026-06-08 10:30:00-04:00,2026-06-08 14:30:00-04:00,720.47,715.6,15,-73.13,STOP_LOSS
2026-06-09,QQQ,SHORT,2026-06-09 10:30:00-04:00,2026-06-09 11:30:00-04:00,701.52,695.83,15,85.21,TARGET_HIT
2026-06-10,QQQ,SHORT,2026-06-10 11:30:00-04:00,2026-06-10 15:30:00-04:00,698.64,693.92,16,75.39,MANDATORY_EOD_SQUAREOFF
2026-06-11,QQQ,LONG,2026-06-11 12:30:00-04:00,2026-06-11 15:30:00-04:00,707.48,716.37,16,142.09,TARGET_HIT
2026-06-12,QQQ,LONG,2026-06-12 10:30:00-04:00,2026-06-12 11:30:00-04:00,723.87,717.81,15,-91.0,STOP_LOSS
2026-06-15,QQQ,LONG,2026-06-15 10:30:00-04:00,2026-06-15 15:30:00-04:00,743.34,743.59,15,3.51,MANDATORY_EOD_SQUAREOFF
2026-06-16,QQQ,SHORT,2026-06-16 10:30:00-04:00,2026-06-16 15:30:00-04:00,735.39,730.73,15,69.81,TARGET_HIT
2026-06-18,QQQ,LONG,2026-06-18 11:30:00-04:00,2026-06-18 15:30:00-04:00,739.48,739.47,15,-0.36,MANDATORY_EOD_SQUAREOFF
2026-06-22,QQQ,SHORT,2026-06-22 10:30:00-04:00,2026-06-22 15:30:00-04:00,736.41,738.27,15,-28.11,MANDATORY_EOD_SQUAREOFF
2026-06-24,QQQ,SHORT,2026-06-24 12:30:00-04:00,2026-06-24 15:30:00-04:00,707.82,710.84,16,-48.57,MANDATORY_EOD_SQUAREOFF
2026-06-29,QQQ,LONG,2026-06-29 11:30:00-04:00,2026-06-29 15:30:00-04:00,719.81,723.81,15,59.83,MANDATORY_EOD_SQUAREOFF
2026-06-30,QQQ,LONG,2026-06-30 11:30:00-04:00,2026-06-30 15:30:00-04:00,735.26,735.54,15,4.11,MANDATORY_EOD_SQUAREOFF
2026-07-01,QQQ,LONG,2026-07-01 10:30:00-04:00,2026-07-01 11:30:00-04:00,731.84,728.56,15,-49.38,STOP_LOSS
2026-07-02,QQQ,SHORT,2026-07-02 10:30:00-04:00,2026-07-02 11:30:00-04:00,715.6,718.86,16,-52.41,STOP_LOSS
2026-07-06,QQQ,LONG,2026-07-06 10:30:00-04:00,2026-07-06 13:30:00-04:00,725.52,721.03,15,-67.42,STOP_LOSS
2026-07-08,QQQ,SHORT,2026-07-08 10:30:00-04:00,2026-07-08 11:30:00-04:00,701.24,704.86,16,-58.07,STOP_LOSS
2026-07-09,QQQ,LONG,2026-07-09 12:30:00-04:00,2026-07-09 15:30:00-04:00,724.33,722.96,15,-20.61,MANDATORY_EOD_SQUAREOFF
2026-07-10,QQQ,LONG,2026-07-10 10:30:00-04:00,2026-07-10 11:30:00-04:00,724.27,720.87,15,-51.05,STOP_LOSS
2026-07-14,QQQ,LONG,2026-07-14 10:30:00-04:00,2026-07-14 11:30:00-04:00,722.24,718.82,15,-51.47,STOP_LOSS
2026-07-15,QQQ,SHORT,2026-07-15 11:30:00-04:00,2026-07-15 12:30:00-04:00,711.63,714.86,15,-48.63,STOP_LOSS
2026-07-17,QQQ,LONG,2026-07-17 11:30:00-04:00,2026-07-17 14:30:00-04:00,699.21,694.32,15,-73.44,STOP_LOSS
2026-07-21,QQQ,LONG,2026-07-21 10:30:00-04:00,2026-07-21 15:30:00-04:00,708.9,708.74,15,-2.63,MANDATORY_EOD_SQUAREOFF
2026-07-22,QQQ,LONG,2026-07-22 10:30:00-04:00,2026-07-22 14:30:00-04:00,709.44,706.42,15,-45.53,STOP_LOSS
2026-07-23,QQQ,SHORT,2026-07-23 10:30:00-04:00,2026-07-23 11:30:00-04:00,688.42,690.99,15,-38.65,STOP_LOSS
2026-07-28,QQQ,LONG,2026-07-28 11:30:00-04:00,2026-07-28 15:30:00-04:00,677.51,675.3,15,-33.31,MANDATORY_EOD_SQUAREOFF
2026-08-03,QQQ,LONG,2026-08-03 10:30:00-04:00,2026-08-03 13:30:00-04:00,696.13,700.87,15,70.99,TARGET_HIT
2026-08-04,QQQ,LONG,2026-08-04 10:30:00-04:00,2026-08-04 13:30:00-04:00,718.21,722.44,15,63.39,TARGET_HIT
2026-08-05,QQQ,SHORT,2026-08-05 10:30:00-04:00,2026-08-05 15:30:00-04:00,721.87,718.45,15,51.13,TARGET_HIT
2026-08-07,QQQ,LONG,2026-08-07 10:30:00-04:00,2026-08-07 11:30:00-04:00,723.02,719.83,15,-48.01,STOP_LOSS
2026-08-11,QQQ,SHORT,2026-08-11 12:30:00-04:00,2026-08-11 15:30:00-04:00,717.44,718.56,15,-16.81,MANDATORY_EOD_SQUAREOFF
2026-08-14,QQQ,SHORT,2026-08-14 10:30:00-04:00,2026-08-14 15:30:00-04:00,729.1,731.22,15,-31.93,STOP_LOSS
2026-08-17,QQQ,LONG,2026-08-17 10:30:00-04:00,2026-08-17 11:30:00-04:00,734.4,732.61,14,-25.27,STOP_LOSS
2026-08-20,QQQ,SHORT,2026-08-20 12:30:00-04:00,2026-08-20 15:30:00-04:00,710.58,711.16,15,-8.95,MANDATORY_EOD_SQUAREOFF
2026-08-27,QQQ,LONG,2026-08-27 12:30:00-04:00,2026-08-27 13:30:00-04:00,719.98,717.57,15,-36.29,STOP_LOSS
2026-08-28,QQQ,LONG,2026-08-28 10:30:00-04:00,2026-08-28 11:30:00-04:00,723.63,721.17,14,-34.59,STOP_LOSS
2026-09-01,QQQ,LONG,2026-09-01 10:30:00-04:00,2026-09-01 12:30:00-04:00,710.45,707.67,15,-41.92,STOP_LOSS
2026-09-02,QQQ,LONG,2026-09-02 10:30:00-04:00,2026-09-02 15:30:00-04:00,709.86,709.04,15,-12.46,MANDATORY_EOD_SQUAREOFF
2026-09-03,QQQ,LONG,2026-09-03 10:30:00-04:00,2026-09-03 15:30:00-04:00,717.95,717.39,14,-7.85,MANDATORY_EOD_SQUAREOFF
2026-09-04,QQQ,SHORT,2026-09-04 10:30:00-04:00,2026-09-04 12:30:00-04:00,717.22,719.27,14,-28.81,STOP_LOSS
2026-09-09,QQQ,SHORT,2026-09-09 10:30:00-04:00,2026-09-09 11:30:00-04:00,714.59,716.74,14,-30.31,STOP_LOSS
2026-09-11,QQQ,LONG,2026-09-11 10:30:00-04:00,2026-09-11 12:30:00-04:00,717.49,714.86,14,-36.94,STOP_LOSS
2026-09-14,QQQ,LONG,2026-09-14 11:30:00-04:00,2026-09-14 15:30:00-04:00,710.51,708.95,14,-22.06,MANDATORY_EOD_SQUAREOFF
2026-09-15,QQQ,SHORT,2026-09-15 10:30:00-04:00,2026-09-15 15:30:00-04:00,705.45,704.8,14,8.91,MANDATORY_EOD_SQUAREOFF
2026-09-16,QQQ,LONG,2026-09-16 10:30:00-04:00,2026-09-16 13:30:00-04:00,711.08,709.02,14,-29.0,STOP_LOSS
2026-09-17,QQQ,LONG,2026-09-17 11:30:00-04:00,2026-09-17 15:30:00-04:00,717.03,716.65,14,-5.39,MANDATORY_EOD_SQUAREOFF
